Time,bit-x,bitbay,bitfinex,bitstamp,cex.io,coinbase,exmo,gemini,itbit,kraken
2019-05-19 04:00:00 UTC,1.860775697,,0.009643716,0.062855019,0.319767202,0.028171478,0.25258671,0.062320295,0.08282831,0.057874986
2019-05-19 05:00:00 UTC,1.45349569,2.585879444,0.005010256,0.077614284,0.263927995,0.02300799,0.270207233,0.083303993,0.07244853,0.052884689
2019-05-19 06:00:00 UTC,1.687216667,,0.003067371,0.08905665,0.132538364,0.011557351,0.182083182,0.070043995,0.086157435,0.042424262
2019-05-19 07:00:00 UTC,1.50050431,0.47764167,0.002231324,0.086711755,0.131991242,0.015548889,0.160739336,0.039617549,0.087874158,0.023508046
2019-05-19 08:00:00 UTC,1.56545,,0.004205749,0.061496286,0.160691203,0.006056328,0.266210513,0.048561735,0.102829939,0.022817323
2019-05-19 09:00:00 UTC,1.317875929,2.010196448,0.003235377,0.079679019,0.191456018,0.015445885,0.135256663,0.084844889,0.067125591,0.03842564
2019-05-19 10:00:00 UTC,1.960607116,,0.005808312,0.090019367,0.282631933,0.022369324,0.158185972,0.073264695,0.052167726,0.036078669
2019-05-19 11:00:00 UTC,2.111751118,2.239612272,0.005040681,0.092868467,0.196069694,0.026087417,0.234960508,0.091601046,0.059100641,0.032027972
2019-05-19 12:00:00 UTC,2.022380976,,0.005329627,0.082364345,0.27804559,0.029843076,0.275831684,0.093104801,0.089477816,0.04337816
2019-05-19 13:00:00 UTC,2.058328563,0.823914744,0.006190162,0.08619523,0.177259373,0.021861178,0.249580501,0.107479151,0.084797823,0.021738489
2019-05-19 14:00:00 UTC,2.131341449,,0.004497124,0.094239399,0.144418022,0.023178863,0.209658382,0.123699563,0.069305836,0.024576935
2019-05-19 15:00:00 UTC,2.144117367,0.358636274,0.005075379,0.073070644,0.137635386,0.01821004,0.163102169,0.100285257,0.055806874,0.02884706
2019-05-19 16:00:00 UTC,2.080753571,,0.004175272,0.06523653,0.120497165,0.016037894,0.172926603,0.115153181,0.075165925,0.028854329
2019-05-19 17:00:00 UTC,2.112148598,0.981215303,0.005987209,0.085042434,0.129515227,0.01104052,0.230256568,0.112925875,0.071043066,0.032252514
2019-05-19 18:00:00 UTC,2.206276309,,0.0026294,0.112059223,0.156376586,0.006994164,0.146336909,0.090678403,0.051392034,0.027970197
2019-05-19 19:00:00 UTC,2.101644367,1.022575415,0.006814458,0.089264506,0.180487225,0.006090037,0.170033566,0.08535076,0.053658641,0.025219707
2019-05-19 20:00:00 UTC,2.110802987,,0.004146615,0.103046779,0.168414147,0.020337056,0.186352105,0.115324318,0.067071328,0.021066784
2019-05-19 21:00:00 UTC,2.180901949,2.790181818,0.006087879,0.08925757,0.203263138,0.023971837,0.163286284,0.092407095,0.039529867,0.02119738
2019-05-19 22:00:00 UTC,1.832192828,,0.011252235,0.076325231,0.200951397,0.013817956,0.226665079,0.069503112,0.058933025,0.027557577
2019-05-19 23:00:00 UTC,1.560948683,1.365873523,0.012794633,0.074248863,0.21487742,0.023953763,0.251147394,0.069971972,0.050354445,0.035850811
2019-05-20 00:00:00 UTC,1.404893734,,0.013513676,0.087724417,0.191931092,0.051898389,0.341566377,0.093406467,0.101094118,0.038526753
2019-05-20 01:00:00 UTC,2.068069168,2.428340994,0.01380703,0.074825938,0.200152379,0.026903196,0.315496427,0.080536545,0.078022762,0.056429945
2019-05-20 02:00:00 UTC,2.142516303,,0.007379456,0.087139951,0.194334351,0.022285232,0.402579797,0.085829271,0.094472887,0.035584589
2019-05-20 03:00:00 UTC,2.102126061,1.086203569,0.006562807,0.059788437,0.178164321,0.011269757,0.286341871,0.045180473,0.061704931,0.018085853
2019-05-20 04:00:00 UTC,2.035398678,,0.013092287,0.097033237,0.248881161,0.033615263,0.363344929,0.104753678,0.062909993,0.048886462
2019-05-20 05:00:00 UTC,2.014133558,1.200356344,0.005732507,0.068152737,0.127619188,0.020914443,0.333754474,0.056271083,0.05538555,0.021937277
2019-05-20 06:00:00 UTC,2.090228184,,0.00677087,0.056991662,0.102683997,0.015769936,0.270561721,0.044663543,0.034237309,0.041245549
2019-05-20 07:00:00 UTC,1.94121146,1.224425519,0.009385999,0.079067354,0.215358121,0.017805309,0.229765216,0.082300568,0.075914358,0.043661534
2019-05-20 08:00:00 UTC,1.805823488,,0.008596793,0.106192715,0.234062017,0.021186676,0.151136469,0.077029127,0.048359443,0.041446323
2019-05-20 09:00:00 UTC,1.907350975,0.420875104,0.009845629,0.073290557,0.242720385,0.019615635,0.216117671,0.081719035,0.044847081,0.045558829
2019-05-20 10:00:00 UTC,2.136043674,,0.002676037,0.085547885,0.17888357,0.009829897,0.152848057,0.084019012,0.013930435,0.023949678
2019-05-20 11:00:00 UTC,2.050059561,0.226467825,0.003743749,0.078855346,0.141964574,0.017202025,0.145647865,0.057964227,0.031694994,0.030665468
2019-05-20 12:00:00 UTC,1.553201656,,0.015205087,0.076488208,0.197087291,0.016835185,0.225404208,0.05829516,0.033874105,0.032594043
2019-05-20 13:00:00 UTC,1.764453851,2.861820066,0.017661218,0.077012854,0.32338099,0.029025477,0.128143003,0.073861725,0.049565873,0.033860524
2019-05-20 14:00:00 UTC,2.017562008,,0.009586113,0.082228158,0.187702082,0.019403461,0.172418059,0.052515604,0.0561132,0.027881681
2019-05-20 15:00:00 UTC,2.100194675,0.264908286,0.005741989,0.083147222,0.144788054,0.016889382,0.186158054,0.034892658,0.055593626,0.026692722
2019-05-20 16:00:00 UTC,2.077593811,,0.016244818,0.076405667,0.199358076,0.016666024,0.165017995,0.054448259,0.073143537,0.025330286
2019-05-20 17:00:00 UTC,2.079781655,0.370994898,0.020842811,0.07464398,0.223841989,0.025593085,0.140285394,0.081281588,0.048957814,0.025941597
2019-05-20 18:00:00 UTC,2.021872644,,0.01377936,0.093917353,0.20566514,0.02023456,0.122222561,0.04599008,0.051790218,0.02616999
2019-05-20 19:00:00 UTC,2.096604409,0.329644575,0.011394394,0.082146013,0.182258145,0.020217419,0.187820205,0.0459104,0.061083864,0.02941274
2019-05-20 20:00:00 UTC,2.002864665,,0.019790652,0.076611515,0.195416152,0.028179057,0.172449354,0.067394667,0.062601854,0.030436174
2019-05-20 21:00:00 UTC,1.839029489,1.468569723,0.026704332,0.089851408,0.201677616,0.027888379,0.141501081,0.106591676,0.171109252,0.026411634
2019-05-20 22:00:00 UTC,1.782361191,,0.025101683,0.063725503,0.212002085,0.018170004,0.250694211,0.069755264,0.077305113,0.035778763
2019-05-20 23:00:00 UTC,2.070981561,0.48090363,0.008696566,0.074818572,0.166299479,0.019929323,0.211932142,0.075395996,0.096408322,0.018098609
2019-05-21 00:00:00 UTC,1.917467283,,0.013151195,0.084435012,0.182109516,0.029580133,0.377544726,0.071784725,0.093823537,0.028702204
2019-05-21 01:00:00 UTC,1.743312808,0.795143639,0.006486338,0.077386116,0.240116091,0.025414378,0.24986727,0.048200544,0.075613471,0.03372417
2019-05-21 02:00:00 UTC,0.911934082,,0.017995453,0.076288406,0.196106366,0.013905605,0.250799785,0.060713608,0.0781462,0.036855824
2019-05-21 03:00:00 UTC,1.484924741,0.225424093,0.013835343,0.087536391,0.143966969,0.009103326,0.248392308,0.070109206,0.065329107,0.018873474
2019-05-21 04:00:00 UTC,1.182407269,,0.013832734,0.06205698,0.099823702,0.008851449,0.232473775,0.035256327,0.047929665,0.022543523
2019-05-21 05:00:00 UTC,0.961061122,0.254829699,0.009719987,0.046557031,0.075679992,0.013148447,0.243624139,0.056221201,0.052752313,0.041382691
2019-05-21 06:00:00 UTC,1.308614907,,0.010505941,0.058222366,0.062776327,0.013972467,0.202704034,0.056005401,0.065983416,0.035748049
2019-05-21 07:00:00 UTC,1.696435671,0.191490003,0.008556949,0.08953162,0.079172536,0.014398808,0.109937048,0.043208136,0.048224838,0.03676811
2019-05-21 08:00:00 UTC,1.579931637,,0.007422843,0.096378314,0.118368034,0.008744821,0.129339243,0.060254067,0.05526201,0.022948994
2019-05-21 09:00:00 UTC,2.031915419,0.327809551,0.010236282,0.096789233,0.115704775,0.01952132,0.183146638,0.0774386,0.069609861,0.034628204
2019-05-21 10:00:00 UTC,1.597677076,,0.004062419,0.07380291,0.100746428,0.019712739,0.140472402,0.105136256,0.069495236,0.017218261
2019-05-21 11:00:00 UTC,1.083309959,0.433939852,0.008378632,0.098530859,0.080266678,0.015037387,0.18919101,0.058714364,0.056435138,0.044515478
2019-05-21 12:00:00 UTC,0.699313357,,0.011946879,0.075561071,0.098238961,0.0257007,0.140307865,0.050731012,0.071170372,0.015252706
2019-05-21 13:00:00 UTC,1.4680276,0.371344694,0.01221145,0.083957653,0.126720037,0.014273667,0.224721296,0.051942846,0.060100348,0.041602516
2019-05-21 14:00:00 UTC,1.238266645,,0.006423937,0.072501566,0.091080902,0.020540545,0.186737951,0.057990488,0.053083682,0.017230506
2019-05-21 15:00:00 UTC,1.248140031,0.260376703,0.010341731,0.098075381,0.092194018,0.011088756,0.186496233,0.065457335,0.028325205,0.024970975
2019-05-21 16:00:00 UTC,2.145496517,,0.007234818,0.095999089,0.078861671,0.021752156,0.431067184,0.0530762,0.045459286,0.046569369
2019-05-21 17:00:00 UTC,2.163992266,0.264875331,0.00458545,0.097337041,0.096077934,0.020000666,0.326589313,0.057071754,0.044855993,0.023513555
2019-05-21 18:00:00 UTC,2.075024923,,0.011688557,0.094520231,0.13823277,0.013639099,0.220358954,0.051932621,0.036840087,0.031484492
2019-05-21 19:00:00 UTC,1.965386191,0.272617954,0.006593108,0.093720359,0.136927615,0.0206166,0.135133761,0.057682618,0.015867969,0.017791303
2019-05-21 20:00:00 UTC,2.116779169,,0.008065457,0.077355957,0.104952794,0.012890686,0.120098651,0.059627977,0.045977524,0.026225286
2019-05-21 21:00:00 UTC,2.177016828,0.235368173,0.010461435,0.076599861,0.137538202,0.018003184,0.168706453,0.066561548,0.037292943,0.031176266
2019-05-21 22:00:00 UTC,1.186714797,,0.011082843,0.047586243,0.098936347,0.020267253,0.197879343,0.053840446,0.019616864,0.028476837
2019-05-21 23:00:00 UTC,2.138634784,0.240598567,0.011774478,0.043319779,0.089690067,0.002034156,0.333943151,0.017923921,0.011994371,0.023266769
2019-05-22 00:00:00 UTC,2.134115976,,0.003030484,0.051597149,0.054500158,0.011681836,0.367497865,0.022356697,0.009655569,0.018975914
2019-05-22 01:00:00 UTC,2.15280978,0.145518993,0.004956034,0.053219466,0.152051892,0.011236371,0.314702487,0.018694609,0.025035257,0.020360195
2019-05-22 02:00:00 UTC,2.170577499,,0.002820392,0.07671971,0.089416877,0.011435113,0.238917519,0.02216298,0.064158518,0.021259473
2019-05-22 03:00:00 UTC,2.214282947,0.219795109,0.006414424,0.073438017,0.09087788,0.005593454,0.404919298,0.023837735,0.053922282,0.037302287
2019-05-22 04:00:00 UTC,2.109615359,,0.007100322,0.04276916,0.091185698,0.008055936,0.306808137,0.028864248,0.045447037,0.053884816
2019-05-22 05:00:00 UTC,2.168531355,0.161026753,0.005018148,0.04068418,0.080943659,0.009481543,0.28877028,0.025497775,0.020706329,0.009222324
2019-05-22 06:00:00 UTC,2.177789333,,0.005712349,0.045917474,0.149019269,0.005329141,0.205978687,0.025510433,0.018305601,0.013851744
2019-05-22 07:00:00 UTC,2.15983656,0.266509481,0.006418191,0.04377962,0.072671477,0.005253836,0.197317438,0.027871646,0.018403128,0.01240641
2019-05-22 08:00:00 UTC,2.182998309,,0.004603164,0.044181204,0.085535965,0.002661597,0.110644093,0.02469285,0.017577545,0.026220627
2019-05-22 09:00:00 UTC,2.150776698,0.261348701,0.005257631,0.053588448,0.101155228,0.00348124,0.234967017,0.034343321,0.027820151,0.021845769
2019-05-22 10:00:00 UTC,2.107552177,,0.003813932,0.046379602,0.104590708,0.01522806,0.186450197,0.037156928,0.037702528,0.034063752
2019-05-22 11:00:00 UTC,1.970477191,0.767027983,0.007178836,0.068743052,0.095950866,0.010537297,0.089815232,0.066433363,0.090199879,0.039955731
2019-05-22 12:00:00 UTC,2.107862342,,0.004230743,0.086562673,0.181387246,0.011402435,0.122116377,0.039092941,0.066174287,0.027779211
2019-05-22 13:00:00 UTC,2.095936794,0.274439617,0.00572487,0.063993483,0.105673814,0.009044425,0.094647295,0.037191381,0.049147792,0.027751616
2019-05-22 14:00:00 UTC,2.151238716,,0.006283199,0.057277251,0.079094784,0.010974286,0.137158936,0.027407112,0.03172369,0.026254045
2019-05-22 15:00:00 UTC,2.143214841,0.186282451,0.006906255,0.06530469,0.08128577,0.012402043,0.195348325,0.042634588,0.034248355,0.023229249
2019-05-22 16:00:00 UTC,2.150926224,,0.006571408,0.070541696,0.162492724,0.012030952,0.149356536,0.039417044,0.026678651,0.022698773
2019-05-22 17:00:00 UTC,2.016821227,0.177079103,0.006243607,0.075003194,0.155682761,0.024896079,0.146907194,0.06436207,0.036747827,0.018602459
2019-05-22 18:00:00 UTC,2.026821734,,0.005965414,0.058966508,0.100980712,0.015663799,0.201566652,0.040201985,0.020528525,0.01441746
2019-05-22 19:00:00 UTC,2.20769189,0.04654096,0.005344903,0.102728597,0.115805181,0.013729018,0.2911001,0.049106544,0.051849695,0.018970923
2019-05-22 20:00:00 UTC,2.030923399,,0.011797647,0.107484109,0.138349226,0.023946899,0.344575012,0.090078007,0.061663637,0.053217471
2019-05-22 21:00:00 UTC,1.960370465,1.853171318,0.013735877,0.119437364,0.102671574,0.030615339,0.316419496,0.088452994,0.039221969,0.040926146
2019-05-22 22:00:00 UTC,1.959959714,,0.013689857,0.080907596,0.136165038,0.027858727,0.359858713,0.081858215,0.048498771,0.057009787
2019-05-22 23:00:00 UTC,2.041824529,0.443471991,0.007952338,0.080759214,0.081117853,0.028338552,0.326776646,0.062099101,0.084331421,0.037827449
2019-05-23 00:00:00 UTC,1.971141829,,0.005663136,0.078510516,0.142543576,0.026515001,0.266657728,0.06127921,0.064559891,0.02953357
2019-05-23 01:00:00 UTC,2.136769012,1.537412589,0.006480451,0.081772937,0.086925634,0.028935046,0.395707303,0.046611811,0.059955149,0.025734822
2019-05-23 02:00:00 UTC,2.146704434,,0.01003992,0.073251812,0.116179888,0.017019404,0.444030157,0.040724807,0.053400083,0.030127766
2019-05-23 03:00:00 UTC,2.167276209,0.002745094,0.004896784,0.085823808,0.09521337,0.021394037,0.188629398,0.051417029,0.031330906,0.03685491
2019-05-23 04:00:00 UTC,2.157968132,,0.005131098,0.08001387,0.108408898,0.012260505,0.180945441,0.048500519,0.031259125,0.028011265
2019-05-23 05:00:00 UTC,2.109064293,0.265442153,0.007716318,0.089115261,0.092996302,0.020780519,0.262313132,0.052488343,0.063924256,0.021740912
2019-05-23 06:00:00 UTC,2.102858971,,0.008551502,0.087625033,0.142667154,0.014127299,0.187120028,0.067245468,0.089412927,0.021010367
2019-05-23 07:00:00 UTC,2.164633167,0.339607422,0.008460922,0.083602925,0.116317713,0.007555072,0.195379931,0.05456441,0.083390527,0.029517882
2019-05-23 08:00:00 UTC,1.997245041,,0.003541479,0.080268309,0.074978043,0.020453978,0.168323384,0.062033384,0.084610319,0.045731885
2019-05-23 09:00:00 UTC,1.457309417,0.269998006,0.017580561,0.082188344,0.075513039,0.02684721,0.178449659,0.109282696,0.101231467,0.04186587
2019-05-23 10:00:00 UTC,2.013614392,,0.010198123,0.07572146,0.105966289,0.016116395,0.187268121,0.093643899,0.053138615,0.040876488
2019-05-23 11:00:00 UTC,2.13304144,0.329837086,0.008045871,0.088821096,0.173374007,0.024099591,0.147921144,0.045751661,0.081396743,0.047424861
2019-05-23 12:00:00 UTC,2.017075446,,0.005577,0.085784126,0.102356676,0.021144097,0.219978644,0.039498205,0.04997457,0.033379544
2019-05-23 13:00:00 UTC,1.911118031,0.355364548,0.011249499,0.068403015,0.094684052,0.014192356,0.137217109,0.047011937,0.054672844,0.021222566
2019-05-23 14:00:00 UTC,1.284450678,,0.007794532,0.072909945,0.073479029,0.012653935,0.110957824,0.041998248,0.049945554,0.040160323
2019-05-23 15:00:00 UTC,1.385800785,0.345917278,0.007007968,0.081275806,0.087626985,0.016615564,0.128763123,0.058756136,0.051117992,0.020140777
2019-05-23 16:00:00 UTC,1.857531319,,0.010538547,0.076843522,0.126243128,0.007871045,0.155630864,0.051044856,0.045746046,0.035119775
2019-05-23 17:00:00 UTC,1.539088166,0.388170411,0.005881695,0.079238741,0.157893765,0.010226256,0.196862419,0.052446177,0.052671144,0.048759466
2019-05-23 18:00:00 UTC,1.332213742,,0.007701102,0.065341785,0.085490167,0.021302229,0.119594611,0.035999611,0.032906225,0.019796164
2019-05-23 19:00:00 UTC,1.068464329,0.163966842,0.00699005,0.07813737,0.068918202,0.013677339,0.114394839,0.030459897,0.043713291,0.020267788
2019-05-23 20:00:00 UTC,1.715774162,,0.010040764,0.078644215,0.145480171,0.019590312,0.212319151,0.059089151,0.055533096,0.037081636
2019-05-23 21:00:00 UTC,2.08516034,0.408169927,0.01185813,0.074412517,0.069596952,0.017458665,0.105343672,0.052806373,0.196700508,0.035191682
2019-05-23 22:00:00 UTC,2.132198528,,0.008625842,0.044354179,0.095986932,0.016376447,0.128525308,0.035284273,0.152664772,0.024142131
2019-05-23 23:00:00 UTC,2.146035496,0.411880295,0.012159784,0.044635878,0.103749767,0.020122754,0.314914711,0.030262209,0.075873283,0.033196841
2019-05-24 00:00:00 UTC,2.161035271,,0.006578713,0.038976557,0.068846413,0.023320436,0.360421655,0.028749128,0.070128789,0.029891771
2019-05-24 01:00:00 UTC,2.157411272,0.336549589,0.001942524,0.045303138,0.131318979,0.011731106,0.269384853,0.036031586,0.04982539,0.027317236
2019-05-24 02:00:00 UTC,2.143112802,,0.003652904,0.043245738,0.110997349,0.021603335,0.195324237,0.020191308,0.042143731,0.055020383
2019-05-24 03:00:00 UTC,2.14717172,0.253631221,0.004574792,0.040866854,0.091037413,0.013568569,0.247585936,0.025358365,0.032865602,0.027662685
2019-05-24 04:00:00 UTC,2.170500123,,0.005824463,0.034755827,0.141926934,0.013371986,0.286287932,0.021984408,0.016697852,0.022545005
2019-05-24 05:00:00 UTC,1.919247207,0.238693867,0.004562401,0.044187127,0.105693732,0.012366665,0.289421175,0.01591111,0.018637315,0.023530027
2019-05-24 06:00:00 UTC,2.075064318,,0.003259917,0.040459496,0.10766552,0.011943468,0.155240575,0.027040885,0.01777563,0.01200728
2019-05-24 07:00:00 UTC,2.163916594,,0.002625316,0.052192833,0.10519628,0.007282278,0.207223226,0.038290853,0.021941799,0.032453246
2019-05-24 08:00:00 UTC,1.425517265,,0.008810489,0.039621177,0.069386969,0.006814146,0.112246139,0.022085889,0.027112518,0.038199779
2019-05-24 09:00:00 UTC,0.642837583,0.305381759,0.009892376,0.041741923,0.124990037,0.010152384,0.108255406,0.017130585,0.022476619,0.019338475
2019-05-24 10:00:00 UTC,1.538577163,,0.006501909,0.079761731,0.078207756,0.012709434,0.169687135,0.018075797,0.026051749,0.038747323
2019-05-24 11:00:00 UTC,2.220468273,0.02700782,0.006148108,0.065392363,0.102844265,0.010908795,0.157982316,0.016365951,0.010636438,0.03218329
2019-05-24 12:00:00 UTC,2.192394796,,0.003293086,0.041448661,0.131288584,0.011089397,0.283479632,0.008574423,0.016104648,0.016910126
2019-05-24 13:00:00 UTC,2.186052948,0.327436565,0.00606719,0.050668779,0.110107414,0.012726486,0.257530554,0.013691962,0.018488096,0.014797962
2019-05-24 14:00:00 UTC,2.217814329,,0.004992948,0.043432491,0.122997029,0.010122371,0.229693676,0.021154433,0.012720794,0.00975871
2019-05-24 15:00:00 UTC,2.069166721,0.361873499,0.007766654,0.030015934,0.037763576,0.015023461,0.205221161,0.016462817,0.014121606,0.01048585
2019-05-24 16:00:00 UTC,1.799420012,,0.009926469,0.029072136,0.072998296,0.022510758,0.127958715,0.016322055,0.024307217,0.016173645
2019-05-24 17:00:00 UTC,2.2309967,0.245633895,0.007202088,0.077593453,0.06775196,0.013410863,0.374613194,0.047510035,0.039887611,0.017513964
2019-05-24 18:00:00 UTC,2.236413006,,0.009176806,0.077402723,0.085122895,0.007910544,0.360074563,0.03564762,0.019071656,0.029109086
2019-05-24 19:00:00 UTC,2.207416113,0.27252608,0.005280551,0.043117202,0.102855005,0.006205308,0.217107058,0.019704199,0.017069025,0.013042334
2019-05-24 20:00:00 UTC,1.068569041,,0.005909346,0.047793793,0.117381741,0.004524794,0.200938153,0.028201694,0.010564336,0.014003506
2019-05-24 21:00:00 UTC,1.893346467,1.540951068,0.012941472,0.053362918,0.13544535,0.015911107,0.393060843,0.067697663,0.05916503,0.02421006
2019-05-24 22:00:00 UTC,2.231434342,,0.006925776,0.0730425,0.103635017,0.006054091,0.271523155,0.104915592,0.031536187,0.016033205
2019-05-24 23:00:00 UTC,1.845873213,1.802897253,0.004876006,0.080940528,0.131597901,0.006539807,0.268343881,0.102144111,0.030456165,0.023362914
2019-05-25 00:00:00 UTC,1.998502851,,0.004110346,0.067878586,0.129416476,0.016932912,0.405502818,0.088244415,0.057773312,0.034684799
2019-05-25 01:00:00 UTC,2.18605151,0.980553449,0.005106787,0.06514596,0.079271766,0.013225158,0.399622635,0.097273742,0.027216354,0.021347069
2019-05-25 02:00:00 UTC,2.247367007,,0.002294085,0.091204789,0.068208175,0.014191475,0.519850911,0.089495464,0.035761999,0.017313521
2019-05-25 03:00:00 UTC,2.212155825,1.267037843,0.001849527,0.099183768,0.102691391,0.00963311,0.533393645,0.094871437,0.035041124,0.028668534
2019-05-25 04:00:00 UTC,2.214219337,,0.002473955,0.071924239,0.074902459,0.002584877,0.444616133,0.076260339,0.034015604,0.037281234
2019-05-25 05:00:00 UTC,1.93501827,2.059570447,0.001251394,0.073112835,0.048854119,0.004881833,0.441433595,0.050089942,0.04141167,0.043674162
2019-05-25 06:00:00 UTC,1.792090528,,0.003257178,0.084344806,0.109856088,0.006217765,0.141831772,0.075958253,0.049835265,0.022735751
2019-05-25 07:00:00 UTC,1.759816016,1.776178501,0.002759022,0.088460562,0.079830295,0.014597128,0.132696421,0.055280129,0.038613427,0.035179428
2019-05-25 08:00:00 UTC,1.994106719,,0.003671217,0.060201183,0.1128057,0.004686259,0.1802226,0.042519425,0.027317168,0.02249239
2019-05-25 09:00:00 UTC,2.238580331,1.11159759,0.003695849,0.090085993,0.081180324,0.004988337,0.252316221,0.08300423,0.052541703,0.023931673
2019-05-25 10:00:00 UTC,2.263628135,,0.005578013,0.081557944,0.108543319,0.017693347,0.14549955,0.081840555,0.047789116,0.016455666
2019-05-25 11:00:00 UTC,2.224997631,1.174591277,0.003421762,0.078703567,0.084948193,0.008765437,0.155547492,0.051497004,0.032580161,0.024710303
2019-05-25 12:00:00 UTC,2.232653774,,0.004403673,0.065286799,0.054881034,0.008861969,0.14500243,0.093042666,0.044401821,0.033354834
2019-05-25 13:00:00 UTC,2.239436845,1.707866163,0.002450508,0.072318729,0.091404379,0.013650332,0.141201018,0.085692587,0.034078078,0.025612217
2019-05-25 14:00:00 UTC,2.220802381,,0.003726291,0.069133592,0.086014111,0.005977342,0.13830491,0.05730815,0.033875131,0.025026535
2019-05-25 15:00:00 UTC,2.246829396,1.812947765,0.005608792,0.083177843,0.042147229,0.005448857,0.136779579,0.065596393,0.031954503,0.007426722
2019-05-25 16:00:00 UTC,2.236906452,,0.003020708,0.070495549,0.066776969,0.007394251,0.185236062,0.044642652,0.036727509,0.017798164
2019-05-25 17:00:00 UTC,2.247304848,1.815996697,0.003079453,0.077633526,0.122146731,0.004927398,0.151094049,0.053520854,0.019411311,0.027125091
2019-05-25 18:00:00 UTC,2.247665722,,0.006078203,0.070181042,0.056852424,0.009255053,0.158568097,0.049585479,0.034549502,0.02607156
2019-05-25 19:00:00 UTC,2.198892352,1.336900048,0.005106674,0.05931301,0.051505566,0.00094799,0.193586899,0.083097328,0.032442273,0.031849167
2019-05-25 20:00:00 UTC,2.233277992,,0.004946836,0.075791208,0.070168114,0.007383193,0.136720623,0.085357926,0.038551381,0.020714621
2019-05-25 21:00:00 UTC,1.960393604,1.303938204,0.007248232,0.073004261,0.049855785,0.007712462,0.096663454,0.072645508,0.040028896,0.036254227
2019-05-25 22:00:00 UTC,1.882440514,,0.006336964,0.060578099,0.035774193,0.007122263,0.133591994,0.077093625,0.018847873,0.01662826
2019-05-25 23:00:00 UTC,1.924612546,1.356522722,0.002856049,0.0463796,0.099307959,0.002754801,0.21811325,0.074474747,0.024025102,0.021679174
2019-05-26 00:00:00 UTC,1.885666257,,0.001775033,0.071045577,0.055952769,0.005395665,0.262914696,0.056343184,0.025296898,0.020972495
2019-05-26 01:00:00 UTC,2.160099585,1.577777696,0.001515782,0.071890839,0.053147824,0.004214958,0.150747724,0.051391177,0.029766752,0.015950935
2019-05-26 02:00:00 UTC,2.084617887,,0.001245266,0.068761788,0.062756746,0.002775122,0.096181448,0.068339048,0.035820969,0.017806707
2019-05-26 03:00:00 UTC,2.194085731,1.910062514,0.002015412,0.054490586,0.050437814,0.002926354,0.173246999,0.068100838,0.038656151,0.01902732
2019-05-26 04:00:00 UTC,2.18404572,,0.001747035,0.066948198,0.100875055,0.001510786,0.188984138,0.084622446,0.03655399,0.01663064
2019-05-26 05:00:00 UTC,2.076636541,2.101109517,0.001874949,0.072063175,0.06890977,0.002327093,0.224312912,0.064606134,0.042394534,0.011427564
2019-05-26 06:00:00 UTC,1.910784736,,0.002094158,0.048497217,0.078995811,0.002432717,0.132491349,0.043662838,0.051066359,0.008232053
2019-05-26 07:00:00 UTC,1.982213699,1.994649282,0.00373812,0.068941576,0.052558585,0.000125042,0.273686544,0.08170394,0.042670273,0.024279635
2019-05-26 08:00:00 UTC,1.403085771,,0.003016991,0.054749997,0.051455072,0.000367796,0.230311212,0.081394497,0.053325586,0.016125002
2019-05-26 09:00:00 UTC,0.860508333,1.891325071,0.002353642,0.061367969,0.076317861,0.005812442,0.210587679,0.066373362,0.030131246,0.017238385
2019-05-26 10:00:00 UTC,0.875,,0.002926047,0.073947284,0.096544226,0.005879711,0.169303793,0.080608746,0.048281193,0.032255668
2019-05-26 11:00:00 UTC,0.869332509,1.469649592,0.003283255,0.067002164,0.080963646,0.006489697,0.141839556,0.071347334,0.065842295,0.022242327
2019-05-26 12:00:00 UTC,0.875,,0.001655869,0.060690791,0.095975184,0.0089492,0.17289782,0.043303962,0.048979681,0.019811201
2019-05-26 13:00:00 UTC,0.875,1.158036032,0.003772976,0.072823903,0.045967064,0.023842069,0.141311171,0.071729061,0.04576242,0.031115627
2019-05-26 14:00:00 UTC,0.875,,0.008145485,0.075895983,0.128308591,0.007404228,0.167829629,0.058513075,0.047917201,0.025192593
2019-05-26 15:00:00 UTC,0.874225,1.473866977,0.006676678,0.091943184,0.0466582,0.012444082,0.127748125,0.057078583,0.03460065,0.020805019
2019-05-26 16:00:00 UTC,0.874566667,,0.004572931,0.052881325,0.044186887,0.009657132,0.155603803,0.036248483,0.024469889,0.009049884
2019-05-26 17:00:00 UTC,0.875,1.089096879,0.003728457,0.037923229,0.042537517,0.014041014,0.138176155,0.06503646,0.051918798,0.026951926
2019-05-26 18:00:00 UTC,0.874295833,,0.004262848,0.041182187,0.080853117,0.023154332,0.139147314,0.05528859,0.026525925,0.011571222
2019-05-26 19:00:00 UTC,1.156749243,0.517237322,0.01533729,0.092563774,0.255657273,0.025210078,0.136342863,0.215838233,0.099874769,0.045250983
2019-05-26 20:00:00 UTC,2.025981752,,0.025377914,0.081195103,0.317025184,0.037517896,0.103699795,0.396046289,0.108308973,0.044384678
2019-05-26 21:00:00 UTC,2.089513106,1.497801914,0.01222213,0.070333488,0.197210548,0.053440021,0.189534231,0.288305475,0.094103409,0.080451549
2019-05-26 22:00:00 UTC,2.038102358,,0.010004289,0.074049754,0.117727926,0.031746248,0.275960392,0.228000287,0.085232139,0.017554275
2019-05-26 23:00:00 UTC,2.185407908,1.507487171,0.007675874,0.075187609,0.054908363,0.015195387,0.261458532,0.092048777,0.069259735,0.02312443
2019-05-27 00:00:00 UTC,2.010674029,,0.01040323,0.076200654,0.151386781,0.026066717,0.135207504,0.058824657,0.065610663,0.031863151
2019-05-27 01:00:00 UTC,1.993725439,1.270208505,0.00780869,0.068443316,0.123536668,0.012856423,0.103757208,0.082469042,0.064628189,0.039270409
2019-05-27 02:00:00 UTC,1.81812387,,0.004193295,0.084293364,0.132058347,0.019905713,0.336317852,0.042059462,0.073337293,0.013368529
2019-05-27 03:00:00 UTC,1.873500877,1.515626121,0.010271788,0.070448516,0.128407525,0.015244632,0.363773624,0.050803757,0.042231769,0.03407416
2019-05-27 04:00:00 UTC,2.099302529,,0.007893693,0.082272525,0.116114317,0.019262337,0.229233301,0.032255907,0.061217875,0.026416728
2019-05-27 05:00:00 UTC,2.173493693,1.02128166,0.00467155,0.051009952,0.116217987,0.005914101,0.346018936,0.050271168,0.042671344,0.025946257
2019-05-27 06:00:00 UTC,0.926961558,,0.003326012,0.05435779,0.050090445,0.004596688,0.301931551,0.052153157,0.043532372,0.026849211
2019-05-27 07:00:00 UTC,0.056529112,1.116372517,0.004281213,0.066130564,0.077587628,0.00588469,0.147675449,0.072194187,0.053581984,0.020578469
2019-05-27 08:00:00 UTC,1.498275196,,0.003785963,0.067216376,0.105989378,0.008769636,0.178843104,0.084907916,0.058357962,0.017728804
2019-05-27 09:00:00 UTC,2.017632333,0.234741248,0.004058296,0.078138044,0.048235688,0.015108371,0.319397993,0.091039758,0.040253548,0.029290722
2019-05-27 10:00:00 UTC,2.119116295,,0.002001614,0.064411699,0.077878239,0.012720995,0.293307706,0.092746626,0.058122024,0.030985127
2019-05-27 11:00:00 UTC,1.555491819,1.26233126,0.005370333,0.074867299,0.11099692,0.007529282,0.250515723,0.052452515,0.061193251,0.01415747
2019-05-27 12:00:00 UTC,2.02018951,,0.004078062,0.081072286,0.141701854,0.022776988,0.174763323,0.057564192,0.074779305,0.031131434
2019-05-27 13:00:00 UTC,1.931174757,1.653617948,0.002131458,0.067132537,0.069571251,0.020341132,0.276649422,0.039550375,0.047939615,0.025792264
2019-05-27 14:00:00 UTC,1.652064115,,0.003416862,0.076525611,0.101130802,0.00881598,0.205240947,0.04634,0.046396161,0.032481146
2019-05-27 15:00:00 UTC,2.005939159,1.528880537,0.002028025,0.102300929,0.103144799,0.019752566,0.246607225,0.057178995,0.066428233,0.040317331
2019-05-27 16:00:00 UTC,2.029946512,,0.007541543,0.101403932,0.170572397,0.027282519,0.318581185,0.070998671,0.046386528,0.031498724
2019-05-27 17:00:00 UTC,2.187791995,1.001166363,0.007110481,0.09384246,0.11968694,0.039232157,0.304707201,0.062013936,0.049141338,0.053933374
2019-05-27 18:00:00 UTC,2.219717299,,0.002516525,0.081528765,0.129627058,0.018563056,0.304455196,0.044988279,0.048275781,0.026898391
2019-05-27 19:00:00 UTC,2.221084798,0.415013061,0.004140827,0.061557289,0.124324871,0.018648905,0.195376929,0.042936228,0.042797232,0.028293172
2019-05-27 20:00:00 UTC,2.165731769,,0.003719142,0.077235085,0.153125462,0.019313367,0.345295865,0.031900597,0.033972826,0.038503062
2019-05-27 21:00:00 UTC,2.247105885,1.099545455,0.003894437,0.078492843,0.161071287,0.000845523,0.438511796,0.033447397,0.035371697,0.013842252
2019-05-27 22:00:00 UTC,2.208914723,,0.001704137,0.04968791,0.225150767,0.015759834,0.459642853,0.031589826,0.023211312,0.029271848
2019-05-27 23:00:00 UTC,2.19620452,1.221670907,0.001856538,0.039880527,0.211473392,0.008436375,0.469254477,0.015663711,0.020863205,0.024218037
2019-05-28 00:00:00 UTC,2.198782424,,0.002418787,0.041489201,0.215582932,0.01235299,0.342439932,0.034720319,0.041289953,0.037774324
2019-05-28 01:00:00 UTC,2.208268159,1.675010852,0.005488571,0.037778654,0.11858876,0.020802204,0.299239268,0.028676389,0.026104452,0.024869109
2019-05-28 02:00:00 UTC,2.199584119,,0.002477999,0.043618097,0.156166979,0.013302441,0.440227525,0.022850869,0.013250656,0.01741787
2019-05-28 03:00:00 UTC,2.200168825,0.914660483,0.001444653,0.033098749,0.130098142,0.010757313,0.433135863,0.033358254,0.005932344,0.020683081
2019-05-28 04:00:00 UTC,2.218735401,,0.002753969,0.046199325,0.122591879,0.001596901,0.266381193,0.044895879,0.015155078,0.029657837
2019-05-28 05:00:00 UTC,2.202451866,1.195565968,0.003617291,0.035741755,0.16654724,0.008831606,0.366985523,0.026077802,0.021855514,0.058883299
2019-05-28 06:00:00 UTC,2.200012427,,0.002806274,0.032653331,0.144436145,0.014946011,0.135421394,0.018042735,0.01503627,0.021503394
2019-05-28 07:00:00 UTC,2.204927915,0.901472104,0.005767813,0.036490501,0.206061172,0.008511628,0.170901296,0.014772865,0.022698733,0.040402952
2019-05-28 08:00:00 UTC,2.218374517,,0.002029513,0.051309475,0.157479275,0.002258377,0.142600552,0.017265236,0.017661798,0.026257869
2019-05-28 09:00:00 UTC,2.195592097,1.019750082,0.00259285,0.029747655,0.100198627,0.002632322,0.260262523,0.031180874,0.024563199,0.01382465
2019-05-28 10:00:00 UTC,2.205102876,,0.003211749,0.046654321,0.096003712,0.008532259,0.247971113,0.018510166,0.021069378,0.017820845
2019-05-28 11:00:00 UTC,2.210488665,1.389412412,0.005050021,0.038614402,0.077050335,0.004056751,0.288802877,0.011388232,0.00929734,0.014806471
2019-05-28 12:00:00 UTC,2.209679962,,0.003694563,0.04522819,0.12724092,0.004583237,0.171195505,0.012324984,0.013507837,0.011455793
2019-05-28 13:00:00 UTC,2.2019065,0.965899208,0.007454086,0.061941832,0.113521831,0.014840087,0.395528751,0.036368476,0.022389173,0.033703691
2019-05-28 14:00:00 UTC,2.197354765,,0.003033087,0.080941145,0.123126827,0.017248242,0.313677671,0.030754589,0.030235801,0.044780554
2019-05-28 15:00:00 UTC,2.233003643,0.674069611,0.003389786,0.06582676,0.097266337,0.004697526,0.236551233,0.033542639,0.026117113,0.021448778
2019-05-28 16:00:00 UTC,2.23008071,,0.003358556,0.043423543,0.132135393,0.005222307,0.280789967,0.018910188,0.014161752,0.019871191
2019-05-28 17:00:00 UTC,2.220602211,1.625144685,0.008537025,0.040856283,0.122034497,0.008522149,0.350655176,0.019346824,0.024278835,0.02054292
2019-05-28 18:00:00 UTC,2.198810664,,0.007057745,0.051350166,0.121490507,0.01191601,0.427461582,0.021685079,0.014294409,0.01506154
2019-05-28 19:00:00 UTC,2.208637483,0.164643617,0.005342163,0.040099727,0.164474931,0.00661983,0.30280765,0.021173492,0.01578859,0.009368552
2019-05-28 20:00:00 UTC,2.195008527,,0.00234259,0.031947357,0.118992496,0.007351535,0.267681619,0.036016508,0.026336247,0.018866475
2019-05-28 21:00:00 UTC,2.226153534,0.95684093,0.002053566,0.06086868,0.106220256,0.016303933,0.065737436,0.044262075,0.062987071,0.033190446
2019-05-28 22:00:00 UTC,2.202203228,,0.001720605,0.032322166,0.104865558,0.003441069,0.091034053,0.020380129,0.007898386,0.007554148
2019-05-28 23:00:00 UTC,2.189294234,1.503054957,0.003416108,0.03123072,0.100492042,0.001847542,0.119116618,0.008255619,0.015298311,0.004785315
2019-05-29 00:00:00 UTC,2.181665294,,0.001248045,0.046591875,0.154865848,0.008744629,0.34041976,0.014561778,0.021569244,0.020129616
2019-05-29 01:00:00 UTC,2.20202297,0.739896175,0.002886591,0.037301384,0.138647682,0.007565758,0.255427027,0.015777966,0.014855765,0.018981571
2019-05-29 02:00:00 UTC,2.206217539,,0.003018834,0.036875225,0.0956061,0.002965331,0.419571696,0.005630918,0.023658064,0.015400994
2019-05-29 03:00:00 UTC,1.982096681,0.475888838,0.001681277,0.03078059,0.10668538,0.005075804,0.218005323,0.008137006,0.014696438,0.011948173
2019-05-29 04:00:00 UTC,2.22856157,,0.002557165,0.057775713,0.096347229,0.005323547,0.277827102,0.017743071,0.041302786,0.016830117
2019-05-29 05:00:00 UTC,2.206370253,1.661680699,0.003087988,0.044427386,0.108611431,0.020297051,0.174561841,0.020708848,,0.018954876
2019-05-29 06:00:00 UTC,2.228600401,,0.002361818,0.060972723,0.132445868,0.009637168,0.281830342,0.0272969,0.074904691,0.012551879
2019-05-29 07:00:00 UTC,2.21665113,2.235649477,0.002912347,0.050289404,0.137896676,0.006189497,0.14825953,0.008765618,0.021192916,0.014440102
2019-05-29 08:00:00 UTC,2.217339703,,0.001784505,0.070786095,0.144160959,0.01045739,0.163947915,0.013020693,0.036493853,0.022578818
2019-05-29 09:00:00 UTC,2.221819932,1.554021881,0.001838533,0.066556085,0.146757405,0.003154278,0.315078051,0.020784389,0.050160184,0.012411402
2019-05-29 10:00:00 UTC,2.126474216,,0.003762675,0.058166988,0.07788271,0.012646885,0.078956817,0.061784125,0.032234606,0.030620354
2019-05-29 11:00:00 UTC,2.171444274,1.671135988,0.008498604,0.074835918,0.126878715,0.014482708,0.076697309,0.024274239,0.038271957,0.043954872
2019-05-29 12:00:00 UTC,2.209428588,,0.002981819,0.066801045,0.19046452,0.004920424,0.105551263,0.019574308,0.02795029,0.020345943
2019-05-29 13:00:00 UTC,1.464392771,1.023302236,0.010008341,0.074655825,0.186703787,0.004834678,0.168690859,0.016356115,0.04113614,0.009010993
2019-05-29 14:00:00 UTC,1.357768842,,0.006006785,0.06299152,0.174284097,0.004253413,0.427509784,0.018166597,0.02530032,0.015757375
2019-05-29 15:00:00 UTC,1.512948012,1.662333248,0.004725257,0.064584466,0.171383337,0.010191051,0.38050798,0.020047803,0.014103287,0.013113826
2019-05-29 16:00:00 UTC,1.594804252,,0.006164206,0.066342766,0.114802344,0.008950937,0.316140224,0.03800936,0.018436604,0.020596333
2019-05-29 17:00:00 UTC,1.397600062,1.711837967,0.003308044,0.05836326,0.194419709,0.009160241,0.250115613,0.021649163,0.019301503,0.017877517
2019-05-29 18:00:00 UTC,1.716760679,,0.004870699,0.028753974,0.134374282,0.004537129,0.240103917,0.017758219,0.020137141,0.002588671
2019-05-29 19:00:00 UTC,1.684262277,0.550193361,0.001492802,0.044090525,0.115725354,0.002338999,,0.019508855,0.013893982,0.008051123
2019-05-29 20:00:00 UTC,1.860033825,,0.004029348,0.030579585,0.136402539,0.00550539,0.399123993,0.014285788,0.010093952,0.012200932
2019-05-29 21:00:00 UTC,2.045401522,0.589288843,0.005100899,0.031373189,0.088606471,0.00562707,0.332621431,0.02926355,0.0192454,0.03270218
2019-05-29 22:00:00 UTC,1.769367016,,0.008852666,0.029100668,0.155197235,0.005247389,0.292536832,0.012755662,0.006957583,0.019389445
2019-05-29 23:00:00 UTC,2.014315809,0.515843773,0.002492185,0.022145523,0.133840989,0.00063975,0.145813457,0.01369653,0.008415755,0.016362479
2019-05-30 00:00:00 UTC,1.995049555,,0.006280263,0.025139182,0.139962546,0.000173399,0.37383028,0.010247376,0.010357665,0.008845742
2019-05-30 01:00:00 UTC,1.743385567,0.575855507,0.003210461,0.030083539,0.14472939,0.011805936,0.232138721,0.013552074,0.021862486,0.019218016
2019-05-30 02:00:00 UTC,2.200830316,,0.003033891,0.040664754,0.169090513,0.009062356,0.254816633,0.010327697,0.043116755,0.012989184
2019-05-30 03:00:00 UTC,2.088577695,2.043738772,0.003182635,0.046872224,0.17839052,0.001789261,0.274258036,0.021915527,0.033478167,0.002606273
2019-05-30 04:00:00 UTC,1.767156785,,0.001509327,0.049500431,0.108618285,0.000620824,0.223102437,0.009698807,0.034310486,0.009296298
2019-05-30 05:00:00 UTC,1.279356845,0.725028668,0.006886578,0.040043751,0.123528056,0.012011733,0.439855391,0.002957266,0.027208594,0.00868573
2019-05-30 06:00:00 UTC,2.107117782,,0.003461571,0.039944371,0.135082993,0.000987308,0.187497847,0.001541662,0.019103251,0.007934981
2019-05-30 07:00:00 UTC,2.201491793,0.600207301,0.002848317,0.03249857,0.11774744,0.000229832,0.138657749,0.010925661,0.018655645,0.011867198
2019-05-30 08:00:00 UTC,2.19929084,,0.009173598,0.039752231,0.150933796,0.004075787,0.216439222,0.023739999,0.016215499,0.01141499
2019-05-30 09:00:00 UTC,1.919070717,1.74725827,0.001277509,0.032377699,0.104744169,0.000114928,0.138020624,0.019995873,0.01245004,0.010966699
2019-05-30 10:00:00 UTC,1.331027172,,0.003161525,0.044042617,0.128882145,0.005736994,0.147033551,0.011402833,0.01789354,0.017248028
2019-05-30 11:00:00 UTC,1.28800558,0.257496165,0.003934707,0.032878453,0.170420994,0.001420132,0.169385601,0.009386882,0.009783829,0.025962166
2019-05-30 12:00:00 UTC,1.182013215,,0.002402238,0.023445129,0.145334292,0.00161029,0.174237295,0.009463862,0.007650532,0.005257477
2019-05-30 13:00:00 UTC,1.189867032,0.177735098,0.006287614,0.019214707,0.097846264,0.000114651,0.28761212,0.003282483,0.003343955,0.012022851
2019-05-30 14:00:00 UTC,1.691681559,,0.007266412,0.020366289,0.19506318,0.000118896,0.146531403,0.005311299,0.004060532,0.011175934
2019-05-30 15:00:00 UTC,2.17976183,1.722233704,0.008127826,0.027047234,0.159197674,0.006543998,0.187350341,0.008599213,0.024264071,0.014543159
2019-05-30 16:00:00 UTC,1.817584625,,0.026302439,0.075597421,0.276212671,0.036793464,0.243536634,0.062442703,0.058212904,0.066198594
2019-05-30 17:00:00 UTC,1.960650279,0.226286265,0.00997947,0.050025322,0.13130183,0.022375696,0.174791064,0.030095641,0.031695942,0.027929439
2019-05-30 18:00:00 UTC,2.179630758,,0.005099157,0.044013176,0.125983078,0.009890292,0.179975492,0.021581909,0.025596728,0.010328441
2019-05-30 19:00:00 UTC,2.193674198,0.204263094,0.002977008,0.051547431,0.080470224,0.01259101,0.149044169,0.017838921,0.031816876,0.020968772
2019-05-30 20:00:00 UTC,1.968684787,,0.01211926,0.047231871,0.169744816,0.028579784,0.223668414,0.023597722,0.028591123,0.023486678
2019-05-30 21:00:00 UTC,1.580137741,0.345780711,0.015773078,0.091092232,0.19120339,0.052055401,0.325946673,0.096819083,0.076649545,0.039496675
2019-05-30 22:00:00 UTC,1.917103136,,0.006862081,0.0341183,0.099678536,0.015332704,0.194765899,0.029662275,0.018914342,0.026897406
2019-05-30 23:00:00 UTC,2.041404651,0.271542361,0.002888978,0.02983743,0.087303794,0.015623341,0.17847094,0.026928713,0.031778976,0.028436007
2019-05-31 00:00:00 UTC,1.92185711,,0.003213523,0.039774615,0.122120095,0.01134239,0.235960172,0.025970654,0.018058957,0.012697312
2019-05-31 01:00:00 UTC,2.102505256,0.154436266,0.003378186,0.03775633,0.105153968,0.009886579,0.177806138,0.01896979,0.016987579,0.016016503
2019-05-31 02:00:00 UTC,2.091578449,,0.001822831,0.042316008,0.080561708,0.007643331,0.249538663,0.016974073,0.038848705,0.029659759
2019-05-31 03:00:00 UTC,2.000686483,1.482922086,0.004504585,0.03772026,0.115189427,0.019824367,0.361304275,0.022663946,0.023453443,0.026850172
2019-05-31 04:00:00 UTC,1.996403711,,0.00264562,0.038618823,0.085032832,0.012708153,0.195955576,0.031479668,0.034984886,0.03443135
2019-05-31 05:00:00 UTC,2.060656106,0.263052082,0.00409339,0.057063322,0.094988326,0.029652039,0.102010312,0.060058503,0.048065142,0.037681501
2019-05-31 06:00:00 UTC,2.086384117,,0.002755755,0.035391236,0.114949627,0.012592196,0.090873262,0.021015699,0.023702404,0.012301027
2019-05-31 07:00:00 UTC,2.107481579,0.337176132,0.003509868,0.033233269,0.143201684,0.004211439,0.192980681,0.03686019,0.029986892,0.019575098
2019-05-31 08:00:00 UTC,2.08126777,,0.001644962,0.032593318,0.097451671,0.00598832,0.168700911,0.016740843,0.022858511,0.022485406
2019-05-31 09:00:00 UTC,2.119624793,0.217190894,0.003342204,0.035883444,0.086794157,0.005320136,0.196390502,0.027104753,0.019817161,0.019558622
2019-05-31 10:00:00 UTC,1.575082353,,0.003044547,0.046795387,0.076719232,0.008467885,0.108931745,0.028018371,0.024041834,0.011130573
2019-05-31 11:00:00 UTC,1.842594204,0.271687241,0.002863003,0.074987782,0.119488404,0.010052799,0.158069632,0.034077351,0.05657328,0.018024971
2019-05-31 12:00:00 UTC,2.22342411,,0.003275247,0.062509048,0.089793424,0.007594048,0.165725962,0.044901222,0.022879933,0.009485882
2019-05-31 13:00:00 UTC,2.15465547,0.314310366,0.004949019,0.080606832,0.112087225,0.005269749,0.160450887,0.053157686,0.046130729,0.032064106
2019-05-31 14:00:00 UTC,2.175632061,,0.002606494,0.05250601,0.081258637,0.010041376,0.171630573,0.025406827,0.022743457,0.011673849
2019-05-31 15:00:00 UTC,2.203857259,3.902851342,0.005915743,0.05524498,0.097796846,0.0069459,0.18493313,0.039101868,0.031765782,0.030775882
2019-05-31 16:00:00 UTC,2.178215684,,0.008541229,0.065800775,0.100330071,0.015473596,0.178335396,0.050593445,0.028805447,0.020051267
2019-05-31 17:00:00 UTC,2.185172033,4.43749929,0.00856085,0.047409174,0.143695515,0.017016202,0.189977128,0.050141589,0.042894544,0.02551846
2019-05-31 18:00:00 UTC,2.190650697,,0.010139816,0.069836914,0.120321975,0.004084825,0.219060728,0.029120951,0.040812701,0.024433645
2019-05-31 19:00:00 UTC,2.241192937,3.329243541,0.003554421,0.075623182,0.087025857,0.010673009,0.18361698,0.026219709,0.022499195,0.014940383
2019-05-31 20:00:00 UTC,2.217077593,,0.004358589,0.065079557,0.116688868,0.013532142,0.167830413,0.049759489,0.03370877,0.029733322
2019-05-31 21:00:00 UTC,2.22583094,2.560463346,0.012568252,0.064310381,0.071438808,0.026678876,0.1719975,0.06056995,0.030798276,0.057396333
2019-05-31 22:00:00 UTC,2.085413906,,0.006834287,0.058219302,0.086649742,0.009886675,0.182034472,0.054935744,0.047703041,0.030469797
2019-05-31 23:00:00 UTC,2.225508566,2.255051223,0.003333067,0.068014257,0.042883237,0.009212406,0.190742617,0.095656912,0.038243339,0.040423602
2019-06-01 00:00:00 UTC,2.217278337,,0.009088966,0.05490045,0.118377405,0.005416866,0.125520521,,0.026845253,0.031995674
2019-06-01 01:00:00 UTC,2.221712729,2.135362688,0.006187203,0.087218485,0.103896309,0.006584742,0.19484575,,0.03457898,0.029903621
2019-06-01 02:00:00 UTC,2.2471122,,0.003862304,0.084891267,0.20013577,0.012846599,0.239400342,,0.030273025,0.03163259
2019-06-01 03:00:00 UTC,2.240152901,2.262273807,0.001222238,0.072944434,0.142106953,0.008008312,0.17892824,0.067293379,0.024997016,0.019782708
2019-06-01 04:00:00 UTC,2.236309303,,0.003767108,0.077732222,0.144150232,0.006100571,0.191038486,0.076374055,0.061725961,0.029671867
2019-06-01 05:00:00 UTC,2.215661091,3.245545644,0.003053285,0.05359293,0.128349401,0.001181054,0.127792038,0.061107048,0.038874841,0.018295575
2019-06-01 06:00:00 UTC,2.222946019,,0.006118015,0.050355733,0.137616869,0.009163028,0.107306198,0.07103992,0.048738717,0.026541601
2019-06-01 07:00:00 UTC,2.225903478,2.371185788,0.001709526,0.053986709,0.151042481,0.001048576,0.178305539,0.061009488,0.043726007,0.033034197
2019-06-01 08:00:00 UTC,2.215132581,,0.001935851,0.042933428,0.128184541,0.002415216,0.198597961,0.051006464,0.048565003,0.029084789
2019-06-01 09:00:00 UTC,2.205683181,2.072883981,0.002394154,0.048143762,0.087111318,0.004086103,0.161088081,0.090299473,0.032532738,0.02850186
2019-06-01 10:00:00 UTC,2.209216635,,0.001166108,0.038078778,0.095924549,0.008573746,0.212077999,0.089302147,0.050516315,0.024180012
2019-06-01 11:00:00 UTC,2.231339528,2.189821189,0.001719088,0.069279163,0.12542514,0.005413422,0.199675493,0.075955074,0.068122556,0.022576094
2019-06-01 12:00:00 UTC,2.23982805,,0.002002718,0.080999224,0.132123917,0.003304038,0.242066513,0.04642222,0.028700734,0.029580244
2019-06-01 13:00:00 UTC,2.214981913,1.982988506,0.00156074,0.037449997,0.147234695,0.000748483,0.214205593,0.066897427,0.034893659,0.01679726
2019-06-01 14:00:00 UTC,2.232753368,,0.004144169,0.077829808,0.109228303,0.007825187,0.167794887,0.075225038,0.033261855,0.03879577
2019-06-01 15:00:00 UTC,2.224400181,2.157701149,0.004954913,0.060737281,0.109609207,0.008237955,0.171188539,0.064817939,0.027173032,0.020947461
2019-06-01 16:00:00 UTC,2.035223743,,0.003657459,0.044425529,0.09712362,0.004731775,0.132651776,0.057972138,0.019229505,0.021909312
2019-06-01 17:00:00 UTC,1.909716091,2.032531072,0.001841303,0.049796232,0.046618173,0.007268586,0.217607855,0.052014109,0.022200884,0.025466873
2019-06-01 18:00:00 UTC,2.137222236,,0.006128579,0.036274621,0.086364843,0.008613788,0.200678752,0.066494217,0.024235227,0.00810895
2019-06-01 19:00:00 UTC,2.0979024,2.287732686,0.002078821,0.057681772,0.121146884,0.006218707,0.178201089,0.073577982,0.022239159,0.028335358
2019-06-01 20:00:00 UTC,1.825310162,,0.002942814,0.056928098,0.143174299,0.007450472,0.178423263,0.071882988,0.021448992,0.03880395
2019-06-01 21:00:00 UTC,1.452588944,1.885907741,0.013770528,0.059533652,0.100166589,0.008209824,0.139330111,0.096363225,0.027679739,0.024569109
2019-06-01 22:00:00 UTC,2.208660292,,0.006923529,0.054784451,0.098574192,0.004368808,0.199003402,0.087871465,0.019202949,0.03762798
2019-06-01 23:00:00 UTC,2.210101809,2.225368583,0.004235047,0.051832431,0.110098875,0.006768458,0.23081338,0.062993656,0.038697724,0.016652896
2019-06-02 00:00:00 UTC,2.221310062,,0.001368059,0.053611243,0.090779067,0.011286861,0.161839708,0.057613296,0.022361735,0.021495308
2019-06-02 01:00:00 UTC,2.226773185,1.832825075,0.003380291,0.064713015,0.06195456,0.001996852,0.29488204,0.059338317,0.034220753,0.02157022
2019-06-02 02:00:00 UTC,2.234322557,,0.002164634,0.068737607,0.061030324,0.007784112,0.226196406,0.05102843,0.035686404,0.034371704
2019-06-02 03:00:00 UTC,2.226511816,2.010868319,0.001185864,0.060488447,0.105645257,0.005117021,0.212313949,0.04919093,0.037440435,0.017609414
2019-06-02 04:00:00 UTC,2.236379158,,0.001569138,0.070063953,0.165124631,0.000116664,0.298682241,0.077882365,0.040286612,0.008842924
2019-06-02 05:00:00 UTC,2.226711417,1.799119529,0.001267341,0.060945195,0.079322266,0.000121426,0.26852473,0.051541069,0.047596426,0.007315949
2019-06-02 06:00:00 UTC,2.217748618,,0.002532935,0.054381979,0.071508449,0.004555081,0.290168006,0.057094277,0.032742064,0.029218923
2019-06-02 07:00:00 UTC,2.184660956,0.545135625,0.00452671,0.075011098,0.057521742,0.009101272,0.162344611,0.052978409,0.044426157,0.026630439
2019-06-02 08:00:00 UTC,1.96353141,,0.004469994,0.075677069,0.083966056,0.007250305,0.11973833,0.054706531,0.046096409,0.03142618
2019-06-02 09:00:00 UTC,1.812209131,1.293981271,0.002110212,0.058437193,0.067325349,0.00275317,0.183051338,0.058012644,0.034113926,0.025375824
2019-06-02 10:00:00 UTC,2.15673758,,0.001810904,0.040340847,0.065408341,0.006261751,0.163769913,0.060106329,0.035611567,0.023907316
2019-06-02 11:00:00 UTC,2.241639277,1.067229794,0.001390705,0.063081399,0.103056141,0.004675201,0.076315682,0.043754481,0.042925665,0.02701021
2019-06-02 12:00:00 UTC,2.181248478,,0.003686205,0.05453709,0.179303914,0.004169743,0.126779748,0.064583793,0.042822698,0.04767346
2019-06-02 13:00:00 UTC,2.217473957,1.505138037,0.008262662,0.056579088,0.206847719,0.020025854,0.148465578,0.070053616,0.046876444,0.027481717
2019-06-02 14:00:00 UTC,2.226781501,,0.002265762,0.064524403,0.220939247,0.012835899,0.152536672,0.066040783,0.041153323,0.031899552
2019-06-02 15:00:00 UTC,2.215760649,1.448497732,0.001229147,0.077879276,0.146331797,0.014230156,0.146825974,0.079421097,0.042092881,0.028991114
2019-06-02 16:00:00 UTC,2.230191329,,0.00119895,0.076623719,0.186181723,0.009569542,0.213282329,0.074438587,0.037081959,0.026326465
2019-06-02 17:00:00 UTC,2.20926655,1.082116936,0.001562425,0.043422879,0.189705536,0.014191181,0.226969223,0.064440142,0.027790789,0.020833512
2019-06-02 18:00:00 UTC,2.222245672,,0.001516973,0.059736266,0.154622702,0.021430407,0.267149574,0.061385201,0.029627005,0.027062717
2019-06-02 19:00:00 UTC,2.10077159,1.436927035,0.001467283,0.077113358,0.177598299,0.009553869,0.257778951,0.061838869,0.023037406,0.006725146
2019-06-02 20:00:00 UTC,2.238393654,,0.002771143,0.05848986,0.114946785,0.021455834,0.200750537,0.094256744,0.033297129,0.013990513
2019-06-02 21:00:00 UTC,2.231769341,0.895765472,0.004962627,0.067382503,0.171469188,0.028814484,0.21940027,0.088560688,0.031173096,0.044400821
2019-06-02 22:00:00 UTC,2.193947999,,0.004025583,0.033596278,0.132405967,0.021810873,0.183933466,0.022086926,0.016006142,0.022259466
2019-06-02 23:00:00 UTC,2.190990639,0.178316283,0.002404741,0.021217481,0.179058524,0.021194488,0.203501776,0.016749888,0.008342608,0.011908064
2019-06-03 00:00:00 UTC,2.182509081,,0.002985607,0.019582759,0.101397106,0.011663561,0.208376724,0.028316322,0.009585684,0.02301534
2019-06-03 01:00:00 UTC,2.160607,0.183372608,0.004581205,0.045575868,0.043899637,0.031145139,0.188386898,0.037584283,0.033344853,0.029042288
2019-06-03 02:00:00 UTC,2.136403951,,0.005567175,0.032737305,0.150129881,0.027960376,0.222528019,0.029958065,0.012474587,0.00940169
2019-06-03 03:00:00 UTC,2.140957067,0.242183123,0.001904064,0.057302704,0.138674431,0.020905027,0.186327112,0.039906489,0.012954053,0.015634523
2019-06-03 04:00:00 UTC,2.208263161,,0.001895313,0.044796936,0.082656464,0.007692646,0.162931251,0.030719375,0.014877488,0.011705397
2019-06-03 05:00:00 UTC,2.087420015,0.331066997,0.004862352,0.042940653,0.194372998,0.008601953,0.144510565,0.021859096,0.022179139,0.013970753
2019-06-03 06:00:00 UTC,1.405730902,,0.005993851,0.055562716,0.181020063,0.015567672,0.249705116,0.028895715,0.043143027,0.00960828
2019-06-03 07:00:00 UTC,1.909326892,0.244416003,0.0128466,0.051150836,0.217135664,0.024357012,0.200496433,0.055552437,0.031718143,0.024121443
2019-06-03 08:00:00 UTC,2.232876086,,0.007146972,0.059110648,0.154212037,0.001699375,0.141070446,0.043200668,0.040109728,0.007810909
2019-06-03 09:00:00 UTC,1.21166439,0.205522822,0.007082312,0.058586522,0.190054827,0.012959623,0.119362938,0.062456326,0.041593729,0.056924189
2019-06-03 10:00:00 UTC,1.41035456,,0.006128862,0.060934995,0.12908199,0.005502725,0.264467213,0.051286511,0.032830578,0.020662584
2019-06-03 11:00:00 UTC,1.577671848,0.233973409,0.001677354,0.042975708,0.135297686,0.002644492,0.388969031,0.022770626,0.040152963,0.01086792
2019-06-03 12:00:00 UTC,2.202769512,,0.006369814,0.060725536,0.236566495,0.008655103,0.276414474,0.030470659,0.045187199,0.030956555
2019-06-03 13:00:00 UTC,2.224659052,0.336647459,0.005347939,0.067011408,0.22436802,0.013764024,0.280449495,0.03489241,0.055202087,0.030004992
2019-06-03 14:00:00 UTC,2.234459202,,0.006638096,0.072215371,0.21725535,0.009741868,0.20840606,0.035786491,0.031515499,0.045768765
2019-06-03 15:00:00 UTC,2.229304461,1.28358421,0.005888284,0.065815722,0.197145148,0.017758862,0.301465259,0.045659377,0.056345778,0.032068472
2019-06-03 16:00:00 UTC,2.223567565,,0.006843142,0.067722653,0.130384907,0.011397834,0.274372683,0.034041028,0.045552293,0.03583284
2019-06-03 17:00:00 UTC,2.226459683,0.165104985,0.002507491,0.063181277,0.099951884,0.019104461,0.342859314,0.015274451,0.030868204,0.060969605
2019-06-03 18:00:00 UTC,1.722894819,,0.003526623,0.044809247,0.131068786,0.013068474,0.219246527,0.016275693,0.017566075,0.041988634
2019-06-03 19:00:00 UTC,1.267651908,0.199192275,0.001872324,0.066937527,0.145320725,0.012326772,0.297290753,0.036144641,0.046001046,0.028422534
2019-06-03 20:00:00 UTC,1.239666383,,0.001657305,0.076279088,0.205284102,0.015476347,0.306552377,0.04579806,0.042389262,0.026027067
2019-06-03 21:00:00 UTC,2.047017508,0.233074179,0.005386295,0.065650691,0.240553707,0.010040285,0.295943027,0.049199466,0.047722327,0.024329726
2019-06-03 22:00:00 UTC,2.199482638,,0.01020137,0.058514543,0.215820231,0.019718734,0.351354472,0.027203278,0.043805349,0.012323253
2019-06-03 23:00:00 UTC,2.112254221,2.244497371,0.017418478,0.087987272,0.238751905,0.025101447,0.245061432,0.043555288,0.046428469,0.038354993
2019-06-04 00:00:00 UTC,1.72076632,,0.012131413,0.10019609,0.262702906,0.044300447,0.423378643,0.063166088,0.085727601,0.045387795
2019-06-04 01:00:00 UTC,2.092371304,7.93756292,0.003490929,0.055347314,0.192718538,0.018791753,0.332529482,0.060882074,0.052682558,0.036019527
2019-06-04 02:00:00 UTC,2.164719952,,0.001706054,0.078008717,0.192850981,0.020995193,0.192588958,0.077534834,0.057129135,0.024231291
2019-06-04 03:00:00 UTC,2.185081642,8.290535583,0.005264606,0.081440413,0.071867683,0.029222453,0.223109144,0.058736149,0.040738231,0.042185637
2019-06-04 04:00:00 UTC,2.103324664,,0.006659229,0.070003347,0.228157597,0.031924859,0.196752026,0.074351874,0.060927274,0.034630465
2019-06-04 05:00:00 UTC,2.148327783,8.354431835,0.003303521,0.083102535,0.215856667,0.013725405,0.203547986,0.074879027,0.045305248,0.029028313
2019-06-04 06:00:00 UTC,1.487136909,,0.002384335,0.078496738,0.177408644,0.016804523,0.1501526,0.103300835,0.055720589,0.041190399
2019-06-04 07:00:00 UTC,1.602408704,1.5,0.004447799,0.071040677,0.066489463,0.025269044,0.16930926,0.073751732,0.085258839,0.022343677
2019-06-04 08:00:00 UTC,2.228588738,,0.005496645,0.070601974,0.048970371,0.014561146,0.183514686,0.075623192,0.052752859,0.028984812
2019-06-04 09:00:00 UTC,2.208293531,0.80025,0.005568216,0.10832129,0.093675461,0.018931038,0.152269116,0.10611969,0.039252905,0.027533758
2019-06-04 10:00:00 UTC,2.212107701,,0.005130934,0.062936054,0.091129301,0.015253482,0.234637292,0.076662567,0.046409994,0.023019976
2019-06-04 11:00:00 UTC,2.238993516,6.721013873,0.002845892,0.087043689,0.066148602,0.008537144,0.308392533,0.060085304,0.06371543,0.022405052
2019-06-04 12:00:00 UTC,2.43817899,,0.006869286,0.072116462,0.05689384,0.007995726,0.189691406,0.055109469,0.045569925,0.008847713
2019-06-04 13:00:00 UTC,2.222587815,5.878560737,0.004299441,0.090239132,0.114096215,0.013065545,0.184581714,0.040975168,0.056145108,0.026753668
2019-06-04 14:00:00 UTC,2.151297699,,0.005477756,0.058618501,0.051446857,0.009213804,0.1295974,0.039401714,0.032397112,0.020276676
2019-06-04 15:00:00 UTC,2.213167242,0.203121929,0.00493381,0.075534675,0.080205587,0.007253196,0.122161344,0.040847853,0.047877692,0.026356617
2019-06-04 16:00:00 UTC,2.134545857,,0.003295004,0.07490877,0.060437677,0.018887779,0.321245294,0.058113624,0.033114168,0.03167786
2019-06-04 17:00:00 UTC,2.033464524,4.067833326,0.008063008,0.104096645,0.179351078,0.025261629,0.205267045,0.10258125,0.066900005,0.060337911
2019-06-04 18:00:00 UTC,2.21146128,,0.00810948,0.091065241,0.10327573,0.029888881,0.223953503,0.077123052,0.05586822,0.03008704
2019-06-04 19:00:00 UTC,2.058757425,,0.006497222,0.097744837,0.129825416,0.041818457,0.267014391,0.081584199,0.06892703,0.050457229
2019-06-04 20:00:00 UTC,1.687450294,0.36734908,0.006184617,0.071509081,0.083740587,0.027685391,0.223235791,0.071122493,0.051805236,0.026725762
2019-06-04 21:00:00 UTC,1.299319891,,0.008864172,0.07957037,0.11797024,0.024334346,0.245328161,0.076836186,0.052860698,0.027442777
2019-06-04 22:00:00 UTC,1.929094643,2.795796702,0.0053858,0.050334257,0.194159009,0.019483135,0.121699549,0.061472029,0.039981451,0.043830326
2019-06-04 23:00:00 UTC,2.228900405,,0.002197877,0.050660142,0.07281444,0.016883846,0.153251737,0.039980346,0.034796372,0.031184605
2019-06-05 00:00:00 UTC,2.225432062,0.251567086,0.002515087,0.068923976,0.111118589,0.019198464,0.221681478,0.062217392,0.048936669,0.027327859
2019-06-05 01:00:00 UTC,2.222430262,,0.001634697,0.055528108,0.037796069,0.012642359,0.249624708,0.076096531,0.032503336,0.023529257
2019-06-05 02:00:00 UTC,2.196022924,0.250622695,0.002519254,0.03776428,0.083699855,0.017691287,0.212955815,0.048271248,0.051759128,0.030822585
2019-06-05 03:00:00 UTC,2.214156995,,0.00297841,0.048059572,0.079897367,0.011777045,0.208494774,0.02811394,0.03331807,0.030608618
2019-06-05 04:00:00 UTC,2.225023886,0.259677733,0.004305752,0.051293324,0.139219012,0.013180771,0.14839022,0.053608128,0.061279429,0.031689855
2019-06-05 05:00:00 UTC,2.23757991,,0.003770887,0.060872964,0.137704465,0.011837011,0.162518943,0.05591341,0.041157837,0.035835094
2019-06-05 06:00:00 UTC,2.242138983,0.332776561,0.004734866,0.07537244,0.165210184,0.015489072,0.117294431,0.054830097,0.053539745,0.044981263
2019-06-05 07:00:00 UTC,2.228754002,,0.003766947,0.064708954,0.107579735,0.009350943,0.162934724,0.065871556,0.04335708,0.016893181
2019-06-05 08:00:00 UTC,2.210263059,0.356599643,0.004901196,0.049691518,0.091544293,0.013314807,0.158912599,0.069615041,0.04029522,0.024549302
2019-06-05 09:00:00 UTC,2.210363157,,0.00195344,0.043725099,0.087772685,0.020686307,0.198037157,0.078500435,0.06672594,0.018348235
2019-06-05 10:00:00 UTC,2.21183857,0.369845092,0.005782366,0.040028225,0.167683033,0.037721624,0.260636602,0.06706458,0.04265645,0.017153172
2019-06-05 11:00:00 UTC,2.213182104,,0.006768193,0.059310123,0.151498792,0.031498372,0.1952447,0.054308974,0.048700181,0.050138412
2019-06-05 12:00:00 UTC,2.223187258,0.333145051,0.003622582,0.057679297,0.13949641,0.002438091,0.122072888,0.041957445,0.059394888,0.013383966
2019-06-05 13:00:00 UTC,2.23214888,,0.004839592,0.062465246,0.160366399,0.008293992,0.25034079,0.037443492,0.065354447,0.025508483
2019-06-05 14:00:00 UTC,2.216909433,1.473068349,0.005053076,0.069640228,0.1588394,0.021167543,0.134218888,0.06588907,0.053736979,0.028507036
2019-06-05 15:00:00 UTC,1.868536366,,0.005868745,0.08886439,0.167346081,0.029159384,0.174211568,0.061616216,0.051947652,0.04059781
2019-06-05 16:00:00 UTC,2.124075158,0.339443579,0.008887272,0.057140944,0.1405479,0.018782316,0.205960271,0.052338306,0.026487037,0.037067096
2019-06-05 17:00:00 UTC,2.162798585,,0.009999943,0.050903865,0.113161956,0.020045169,0.217544012,0.05405675,0.051995776,0.023988938
2019-06-05 18:00:00 UTC,2.190932279,0.331153368,0.005487417,0.046853762,0.131669138,0.014586488,0.230488231,0.028140924,0.036937451,0.020583331
2019-06-05 19:00:00 UTC,2.208045228,,0.00780111,0.04433274,0.179665957,0.015400353,0.288434408,0.026766364,0.031454771,0.030931338
2019-06-05 20:00:00 UTC,2.226968663,2.537211973,0.012709563,0.050779168,0.169348375,0.040286906,0.222057932,0.053094246,0.047123874,0.013915701
2019-06-05 21:00:00 UTC,2.130592535,,0.009400417,0.071831821,0.137000611,0.02862442,0.330700352,0.055634939,0.079164014,0.036669884
2019-06-05 22:00:00 UTC,2.211663719,0.338552797,0.004268119,0.034360841,0.13442244,0.030791832,0.302189212,0.049705293,0.040547755,0.025918103
2019-06-05 23:00:00 UTC,2.194206226,,0.00644028,0.029785473,0.155543526,0.015195249,0.172868195,0.0136557,0.02109948,0.012822872
2019-06-06 00:00:00 UTC,2.201952036,2.350648082,0.006066284,0.030406546,0.123498248,0.013108231,0.327570381,0.023441197,0.015513355,0.018281532
2019-06-06 01:00:00 UTC,2.1931646,,0.003377987,0.031747076,0.108127188,0.006846911,0.330876571,0.023271211,0.010639336,0.004803742
2019-06-06 02:00:00 UTC,1.897629441,0.806052581,0.002407592,0.039466725,0.156614273,0.006152026,0.289493089,0.019994151,0.018097907,0.014893411
2019-06-06 03:00:00 UTC,0.96388676,,0.002220439,0.058065022,0.070333076,0.005862851,0.36036493,0.025042783,0.028656364,0.024423949
2019-06-06 04:00:00 UTC,1.505301853,0.251767003,0.002424742,0.090740879,0.094850162,0.011545708,0.364800047,0.030754101,0.037235493,0.016271377
2019-06-06 05:00:00 UTC,2.24378626,,0.00253966,0.072508205,0.146587914,0.006869633,0.262225329,0.040261259,0.034094736,0.017516114
2019-06-06 06:00:00 UTC,2.236730573,0.192170709,0.001279385,0.062460853,0.078558186,0.002666557,0.210271424,0.037331185,0.030699913,0.022833619
2019-06-06 07:00:00 UTC,2.205102508,,0.001629654,0.051645697,0.103577007,0.008953251,0.281154961,0.030402029,0.033680539,0.012355552
2019-06-06 08:00:00 UTC,2.216147911,0.24061771,0.00230941,0.051391234,0.13583806,0.006092134,0.371314699,0.034627536,0.018713299,0.013715449
2019-06-06 09:00:00 UTC,2.205156744,,0.00163464,0.036030366,0.143053076,0.000213659,0.192328346,0.036677035,0.024004559,0.01003626
2019-06-06 10:00:00 UTC,2.194732746,0.246658363,0.002987477,0.033164017,0.137225578,0.001215316,0.199808156,0.026280924,0.008007204,0.004385839
2019-06-06 11:00:00 UTC,2.241199588,,0.003392132,0.073798709,0.115159698,0.00373493,0.241341446,0.033971358,0.018091452,0.020763484
2019-06-06 12:00:00 UTC,2.213691417,0.290906593,0.00633679,0.057670329,0.144436134,0.011544622,0.134820951,0.028459739,0.026568152,0.021249577
2019-06-06 13:00:00 UTC,2.225294034,,0.007435677,0.085754004,0.120568413,0.01544574,0.265735463,0.028974215,0.045129434,0.026130962
2019-06-06 14:00:00 UTC,1.98788561,0.23454967,0.006151762,0.05667718,0.134078248,0.005944648,0.118509031,0.038820868,0.036021653,0.019494777
2019-06-06 15:00:00 UTC,1.150164502,,0.004181702,0.067158753,0.118683808,0.009412592,0.187426129,0.043498259,0.025436319,0.01710545
2019-06-06 16:00:00 UTC,0.949879086,0.29117862,0.002129466,0.05931241,0.158740519,0.012303062,0.333979987,0.039910308,0.028891114,0.017277466
2019-06-06 17:00:00 UTC,1.248588745,,0.003740629,0.054244868,0.13443693,0.018937447,0.283342399,0.046669663,0.049374235,0.013888951
2019-06-06 18:00:00 UTC,1.295944099,0.346112017,0.007720167,0.06004016,0.148344549,0.023195987,0.163364478,0.032567124,0.033613851,0.021794844
2019-06-06 19:00:00 UTC,2.066076763,,0.002998037,0.033754332,0.079754261,0.028612582,0.197087454,0.034163074,0.023357591,0.022172871
2019-06-06 20:00:00 UTC,1.486035198,0.360429307,0.003913936,0.054219187,0.14023793,0.013181573,0.249584145,0.052446997,0.018993734,0.025226872
2019-06-06 21:00:00 UTC,0.872991491,,0.0065407,0.050433654,0.100229074,0.011729015,0.276116738,0.05485674,0.02051375,0.019063209
2019-06-06 22:00:00 UTC,0.696225108,0.280543371,0.005320687,0.035161698,0.134423908,0.008974816,0.186951914,0.038908302,0.01561801,0.023497932
2019-06-06 23:00:00 UTC,0.858677583,,0.004205717,0.032918056,0.059232546,0.013766583,0.265683808,0.029489686,0.019365862,0.019957847
2019-06-07 00:00:00 UTC,2.223661117,0.344839477,0.008281976,0.062309944,0.057159008,0.003833644,0.164337402,0.018887785,0.012797455,0.031077626
2019-06-07 01:00:00 UTC,2.200707511,,0.004036881,0.030738915,0.127467956,0.006386871,0.168311565,0.030440913,0.007748221,0.019356429
2019-06-07 02:00:00 UTC,2.206490003,0.220498131,0.002912133,0.032687881,0.120978562,0.005733694,0.228335841,0.032103922,0.008020466,0.013379071
2019-06-07 03:00:00 UTC,2.190791967,,0.001645281,0.033819017,0.082606632,0.012695817,0.284205526,0.024956838,0.027241075,0.024992489
2019-06-07 04:00:00 UTC,2.199579346,0.224739785,0.001480448,0.041818379,0.067009851,0.007748292,0.161901758,0.024841184,0.006944902,0.010029452
2019-06-07 05:00:00 UTC,2.206007939,,0.001280077,0.0421846,0.106077827,0.001831758,0.273134709,0.026095988,0.0106859,0.014110349
2019-06-07 06:00:00 UTC,2.195511923,0.116253937,0.002898264,0.038477991,0.118269578,0.003693239,0.322130598,0.026601458,0.017913582,0.017459215
2019-06-07 07:00:00 UTC,2.20935613,,0.002634505,0.04721281,0.113733355,0.006916097,0.148855636,0.04145027,0.027463041,0.026091403
2019-06-07 08:00:00 UTC,2.195813376,0.256082428,0.00241303,0.040653157,0.094341076,0.013589696,0.093948029,0.040014729,0.014331903,0.037228413
2019-06-07 09:00:00 UTC,2.194859002,,0.006150406,0.028021892,0.08348865,0.005487439,0.203227837,0.030614097,0.018527819,0.010764797
2019-06-07 10:00:00 UTC,2.197605509,0.178900078,0.00488277,0.030835744,0.107688441,0.006772999,0.233327447,0.017891641,0.013573769,0.018339576
2019-06-07 11:00:00 UTC,2.205787586,,0.002246151,0.037806672,0.085686924,0.006059687,0.266331145,0.017901665,0.008376369,0.016454001
2019-06-07 12:00:00 UTC,2.053762422,0.248410726,0.001460302,0.035636306,0.074909327,0.00410837,0.209741614,0.014076324,0.010233987,0.005253486
2019-06-07 13:00:00 UTC,2.20470135,,0.00147218,0.034281663,0.093748096,0.004293202,0.237121075,0.013823744,0.0081077,0.009838679
2019-06-07 14:00:00 UTC,2.20133362,0.257151116,0.001758488,0.035754039,0.097118508,0.004363424,0.151665407,0.007126527,0.00992875,0.005433206
2019-06-07 15:00:00 UTC,2.206032188,,0.00133075,0.033035107,0.234511268,0.000768346,0.269068792,0.015898402,0.007600766,0.008076304
2019-06-07 16:00:00 UTC,2.196298938,0.690466731,0.002540657,0.047135185,0.154289662,0.026859836,0.25953601,0.029244164,0.027916117,0.026353463
2019-06-07 17:00:00 UTC,2.20920493,,0.003173711,0.053568691,0.194348694,0.011742791,0.18198366,0.044325829,0.037357333,0.015668369
2019-06-07 18:00:00 UTC,2.198150355,0.320474894,0.003197622,0.034877008,0.136634668,0.016282721,0.132223672,0.022574522,0.007968092,0.010492977
2019-06-07 19:00:00 UTC,2.226729178,,0.00666257,0.058451132,0.210817827,0.008486965,0.207092454,0.033971151,0.027783305,0.026016346
2019-06-07 20:00:00 UTC,1.242758527,2.846299112,0.005453153,0.043607869,0.152894379,0.013998602,0.265773779,0.030899562,0.034493463,0.015856931
2019-06-07 21:00:00 UTC,2.191320339,,0.011237399,0.097467642,0.096590808,0.028670854,0.234144908,0.086472646,0.052775933,0.053706991
2019-06-07 22:00:00 UTC,2.210520637,3.616886286,0.00396371,0.064206258,0.12770183,0.016231525,0.166528176,0.078208781,0.02999429,0.027640543
2019-06-07 23:00:00 UTC,1.942657729,,0.004800546,0.076879862,0.204507577,0.024909448,0.255715929,0.071697911,0.025724338,0.036845291
2019-06-08 00:00:00 UTC,2.132356828,0.975569725,0.006443977,0.05842849,0.131186628,0.007013403,0.377199379,0.055442957,0.030363927,0.012889641
2019-06-08 01:00:00 UTC,2.212969196,,0.003127104,0.039450154,0.122718291,0.01909144,0.390393691,0.050494018,0.036608351,0.008039404
2019-06-08 02:00:00 UTC,2.224863597,1.04942754,0.001256193,0.049509928,0.094386122,0.012354566,0.300922469,0.040948547,0.023249972,0.010242397
2019-06-08 03:00:00 UTC,2.222499043,,0.001452518,0.044218282,0.076888299,0.000795734,0.42056196,0.04150652,0.022687432,0.015337184
2019-06-08 04:00:00 UTC,2.232631637,1.258567009,0.002897218,0.057438228,0.095996629,0.002115834,0.283681132,0.057087058,0.01539984,0.030513763
2019-06-08 05:00:00 UTC,2.244697622,,0.001254358,0.069115458,0.111048308,0.010242356,0.294848642,0.058697212,0.018517657,0.010638808
2019-06-08 06:00:00 UTC,2.231806986,1.725960152,0.003193605,0.054886534,0.115519396,0.018212527,0.273647373,0.063637233,0.021549661,0.021091613
2019-06-08 07:00:00 UTC,2.213483212,,0.001335812,0.04856364,0.090495734,0.014941978,0.348303397,0.055030756,0.032018623,0.021959665
2019-06-08 08:00:00 UTC,2.236307286,1.66540669,0.001277395,0.074988045,0.167511385,0.011615122,0.133844682,0.070883604,0.031690634,0.008994027
2019-06-08 09:00:00 UTC,2.242975564,,0.002153727,0.068362734,0.214998096,0.003602621,0.261374739,0.071399093,0.011231526,0.01158981
2019-06-08 10:00:00 UTC,2.243414658,0.852846386,0.004570733,0.066036452,0.140319377,0.00649863,0.149234959,0.075328279,0.022632052,0.006666097
2019-06-08 11:00:00 UTC,2.225196384,,0.002455456,0.058725007,0.085621379,0.00991914,0.107057593,0.066402525,0.01772601,0.010634504
2019-06-08 12:00:00 UTC,2.249481533,1.263913619,0.007393242,0.083271378,0.161568834,0.014024795,0.155220323,0.072150334,0.030627518,0.014110512
2019-06-08 13:00:00 UTC,2.226604893,,0.005835504,0.05611671,0.135004714,0.012789608,0.376817294,0.068048856,0.033803543,0.022822115
2019-06-08 14:00:00 UTC,2.233125225,1.480438442,0.005155678,0.062110719,0.200063184,0.016155153,0.209665321,0.069438847,0.021744225,0.013420907
2019-06-08 15:00:00 UTC,2.230175593,,0.006754852,0.073917283,0.17603865,0.007664897,0.232874992,0.068147702,0.036035705,0.011248298
2019-06-08 16:00:00 UTC,2.241602869,1.586009709,0.003713559,0.071171632,0.145583438,0.015906399,0.217808164,0.064318457,0.025812263,0.044981399
2019-06-08 17:00:00 UTC,2.254218188,,0.006346937,0.070782071,0.156181341,0.0254362,0.100418093,0.055512366,0.027379944,0.026903808
2019-06-08 18:00:00 UTC,2.247338613,0.740200801,0.014305668,0.075288423,0.089411687,0.029229922,0.161468413,0.042807811,0.02338114,0.013283682
2019-06-08 19:00:00 UTC,2.205832622,,0.004844689,0.033986271,0.128967776,0.007435741,0.274837869,0.039156107,0.016726877,0.007646322
2019-06-08 20:00:00 UTC,2.228952091,0.740200801,0.003798469,0.053379567,0.076987189,0.00797126,0.212254304,0.0484513,0.019858305,0.005614312
2019-06-08 21:00:00 UTC,2.250007136,,0.00876306,0.069756882,0.121599225,0.023396114,0.337645064,0.037156547,0.024823086,0.017439998
2019-06-08 22:00:00 UTC,2.244164852,1.682368268,0.008007502,0.081879409,0.094343844,0.013124188,0.199418045,0.048419305,0.03102639,0.012526635
2019-06-08 23:00:00 UTC,2.254713791,,0.006119922,0.080387954,0.062996185,0.01634653,0.395535327,0.040909635,0.024107588,0.011319377
2019-06-09 00:00:00 UTC,2.230028445,3.040106398,0.010203603,0.073273455,0.045682047,0.015134251,0.328739133,0.059708506,0.032562056,0.024571512
2019-06-09 01:00:00 UTC,2.226366967,,0.005008455,0.054622244,0.244356746,0.011415918,0.236547056,0.056186836,0.014501404,0.035949039
2019-06-09 02:00:00 UTC,2.220085735,3.149727597,0.004258846,0.054972632,0.154609512,0.021218227,0.081138363,0.055774944,0.022724132,0.021136507
2019-06-09 03:00:00 UTC,2.228806764,,0.004174402,0.049732612,0.117351261,0.018359383,0.313030585,0.043382387,0.025359002,0.036456818
2019-06-09 04:00:00 UTC,2.223982768,3.026412395,0.003865005,0.062413509,0.10582213,0.000613348,0.28549891,0.029278752,0.010657134,0.019964413
2019-06-09 05:00:00 UTC,2.232131536,,0.001791811,0.058841849,0.137151771,0.005524589,0.341617796,0.035425653,0.02003285,0.015709813
2019-06-09 06:00:00 UTC,2.225092236,3.109245279,0.001941475,0.050044348,0.125354545,0.001629492,0.223354673,0.031189287,0.027993017,0.017065051
2019-06-09 07:00:00 UTC,2.236192111,,0.003621503,0.069873864,0.163166342,0.002156512,0.17912204,0.070673648,0.033719531,0.022149378
2019-06-09 08:00:00 UTC,2.238400155,1.458481502,0.001660595,0.077471229,0.13421928,0.011645872,0.176655538,0.074185143,0.043120929,0.022194942
2019-06-09 09:00:00 UTC,2.198815683,,0.001807654,0.065544312,0.145825773,0.001913932,0.125602704,0.05500995,0.030555159,0.030126825
2019-06-09 10:00:00 UTC,2.230658328,1.349254807,0.00182963,0.054127095,0.120413986,0.01095894,0.191557197,0.06439694,0.041431816,0.025566197
2019-06-09 11:00:00 UTC,2.207384936,,0.005499401,0.046868712,0.125395416,0.002576223,0.187161168,0.045919426,0.032180153,0.01929311
2019-06-09 12:00:00 UTC,2.022507106,1.011561599,0.006880578,0.0542732,0.120460565,0.010203632,0.198983732,0.05049995,0.042001852,0.021080892
2019-06-09 13:00:00 UTC,1.880120338,,0.003224803,0.070052075,0.089084815,0.008026914,0.161481686,0.050459909,0.034090815,0.020174705
2019-06-09 14:00:00 UTC,1.59851702,2.348208096,0.004256372,0.069324531,0.090324373,0.010335706,0.178583248,0.052452084,0.038694729,0.023783113
2019-06-09 15:00:00 UTC,1.76920286,,0.006168484,0.03314758,0.069087362,0.009949471,0.168268041,0.045310056,0.019323236,0.019764264
2019-06-09 16:00:00 UTC,1.965962681,2.270876021,0.009422661,0.054731049,0.119814196,0.011571487,0.394912428,0.040710923,0.03745722,0.033236701
2019-06-09 17:00:00 UTC,2.234846684,,0.003427754,0.070341887,0.102317334,0.030060073,0.162273468,0.054530308,0.035300655,0.029282307
2019-06-09 18:00:00 UTC,2.237140322,1.735834331,0.002996612,0.081620552,0.117025714,0.011299907,0.199990059,0.058003814,0.028763847,0.033287225
2019-06-09 19:00:00 UTC,2.198962292,,0.005526215,0.02028029,0.101529155,0.016551351,0.195897153,0.03397385,0.034327471,0.026252852
2019-06-09 20:00:00 UTC,1.019020388,1.436231232,0.003720462,0.054840602,0.107964357,0.020107916,0.166037327,0.041232707,0.031004113,0.020182574
2019-06-09 21:00:00 UTC,1.302726806,,0.006739123,0.084076524,0.113911565,0.027216933,0.17693191,0.071294219,0.053581403,0.04114607
2019-06-09 22:00:00 UTC,1.938682283,3.143974641,0.013969719,0.057365987,0.134163562,0.026857869,0.095396704,0.042965872,0.035508405,0.039805607
2019-06-09 23:00:00 UTC,2.117949631,,0.011788262,0.050174048,0.108020375,0.018084099,0.225235843,0.044401457,0.044294664,0.040146598
2019-06-10 00:00:00 UTC,2.061649248,0.177506958,0.009189083,0.068066474,0.140317294,0.029648194,0.178387512,0.05412941,0.041462785,0.035247639
2019-06-10 01:00:00 UTC,2.234174498,,0.00461242,0.065864217,0.077052031,0.024056604,0.292164672,0.045851726,0.045032554,0.038972064
2019-06-10 02:00:00 UTC,2.201901215,0.210234096,0.004582787,0.059717428,0.118531664,0.025676027,0.27134067,0.04762755,0.041198144,0.018103301
2019-06-10 03:00:00 UTC,2.226038525,,0.004288948,0.051548401,0.151513537,0.019008867,0.188755253,0.042267564,0.039378816,0.012822898
2019-06-10 04:00:00 UTC,2.163254456,0.243721218,0.005553171,0.038900909,0.078999781,0.014896655,0.235896164,0.034679345,0.023968712,0.016871066
2019-06-10 05:00:00 UTC,2.211573993,,0.004083465,0.037150749,0.040010868,0.018623406,0.262231183,0.03190008,0.019939092,0.005020336
2019-06-10 06:00:00 UTC,2.192539192,0.195839073,0.003180384,0.035011727,0.064299405,0.007237685,0.312918185,0.031518963,0.009458102,0.006266402
2019-06-10 07:00:00 UTC,2.215494085,,0.002923216,0.035020435,0.098450981,0.00570285,0.337827272,0.03081464,0.010786622,0.019629388
2019-06-10 08:00:00 UTC,2.202162106,0.181894628,0.004302829,0.048459014,0.10294275,0.014333819,0.248212451,0.033934736,0.016161168,0.014443361
2019-06-10 09:00:00 UTC,2.196975303,,0.003073169,0.022493213,0.078169259,0.009444929,0.272875975,0.026692583,0.016723096,0.005608237
2019-06-10 10:00:00 UTC,2.187155653,0.162405361,0.005060582,0.022001077,0.121650063,0.018428596,0.197193715,0.035184372,0.027142631,0.022807905
2019-06-10 11:00:00 UTC,2.034295831,,0.01363005,0.062462742,0.116603281,0.016719613,0.253291179,0.036959459,0.040076864,0.01567059
2019-06-10 12:00:00 UTC,1.48583241,1.74130794,0.009849305,0.065162623,0.106576369,0.026966664,0.283317692,0.031446561,0.03936727,0.024993567
2019-06-10 13:00:00 UTC,2.239440194,,0.004913196,0.066688354,0.117541758,0.0241246,0.287474041,0.031377867,0.023000799,0.020423702
2019-06-10 14:00:00 UTC,2.213460864,0.20485608,0.008301009,0.036085945,0.074721414,0.014829408,0.25157103,0.026765581,0.020166452,0.019797371
2019-06-10 15:00:00 UTC,2.202442072,,0.005488119,0.060348281,0.130891924,0.00963276,0.253688064,0.025998101,0.01496011,0.02112532
2019-06-10 16:00:00 UTC,2.241285845,0.250920839,0.005850695,0.071626453,0.092684671,0.022251574,0.324708029,0.043446195,0.025939767,0.032287659
2019-06-10 17:00:00 UTC,2.219318791,,0.003843278,0.056656862,0.057474732,0.016948069,0.276273732,0.045612031,0.02465103,0.032757159
2019-06-10 18:00:00 UTC,2.247093422,0.160229381,0.003999703,0.080201098,0.059720666,0.013490846,0.185440599,0.03579725,0.025724963,0.022235201
2019-06-10 19:00:00 UTC,2.25159352,,0.007068991,0.069609069,0.088663666,0.008737265,0.307816943,0.019270481,0.01644744,0.020257907
2019-06-10 20:00:00 UTC,2.218745518,0.254654264,0.005536506,0.040442682,0.127564314,0.022302718,0.208037553,0.043039159,0.013601918,0.022205866
2019-06-10 21:00:00 UTC,2.235420751,,0.005365353,0.054581804,0.120059423,0.022061625,0.168081443,0.059916001,0.029377169,0.015739813
2019-06-10 22:00:00 UTC,2.208910794,0.176231139,0.005025119,0.042583124,0.13488455,0.015678438,0.173202418,0.041155738,0.012811439,0.012868072
2019-06-10 23:00:00 UTC,2.199842169,,0.005604403,0.037514867,0.12578419,0.012339764,0.110095256,0.025368601,0.016701317,0.008462973
2019-06-11 00:00:00 UTC,2.202073768,0.30593357,0.008462021,0.033854188,0.136374837,0.015727848,0.158603784,0.026641928,0.021361972,0.018649992
2019-06-11 01:00:00 UTC,2.204371838,,0.005318616,0.033772249,0.110852749,0.015338191,0.134144835,0.026275855,0.010438806,0.027352319
2019-06-11 02:00:00 UTC,2.20598763,0.146790601,0.001257032,0.037351449,0.071138818,0.01111352,0.188807283,0.026550641,0.017784497,0.010778987
2019-06-11 03:00:00 UTC,2.212335206,,0.005473228,0.040254941,0.075014988,0.006885488,0.108275424,0.027278625,0.009945313,0.006400794
2019-06-11 04:00:00 UTC,2.208710306,0.103706959,0.002156044,0.032367814,0.120504944,0.007763877,0.113098808,0.026765794,0.00941314,0.006169625
2019-06-11 05:00:00 UTC,2.158983403,,0.003635509,0.039174078,0.067177046,0.004932543,0.135410134,0.027411439,0.013091308,0.015607516
2019-06-11 06:00:00 UTC,2.207425855,0.198172991,0.003080125,0.038377163,0.076510745,0.008653251,0.124341858,0.034178977,0.014425059,0.00829078
2019-06-11 07:00:00 UTC,2.210563505,,0.006036072,0.050296329,0.073318905,0.010035464,0.14175811,0.03622682,0.014710689,0.011869814
2019-06-11 08:00:00 UTC,2.212898029,0.169792536,0.007071145,0.043464544,0.054233149,0.005931253,0.16337398,0.032055459,0.0099632,0.018875766
2019-06-11 09:00:00 UTC,2.210211305,,0.002921932,0.03692444,0.042725233,0.009605941,0.142240555,0.025222783,0.016289296,0.008489644
2019-06-11 10:00:00 UTC,2.226459074,0.193992774,0.005362003,0.061288766,0.092803516,0.01874588,0.229273428,0.067058232,0.02873164,0.029300385
2019-06-11 11:00:00 UTC,2.231332564,,0.003544624,0.062998626,0.070178145,0.005950056,0.236756604,0.045121387,0.032084952,0.025340514
2019-06-11 12:00:00 UTC,2.228626343,0.235736407,0.004117816,0.057215074,0.06087015,0.010121498,0.184293591,0.01955672,0.026212202,0.019030528
2019-06-11 13:00:00 UTC,2.217593795,,0.003499544,0.047157074,0.126271193,0.01064025,0.169521204,0.031269934,0.01067031,0.00469701
2019-06-11 14:00:00 UTC,2.20306761,0.149372839,0.003466448,0.041660366,0.076651574,0.011329136,0.262522015,0.032355797,0.018438073,0.005453244
2019-06-11 15:00:00 UTC,2.228869653,,0.003175971,0.053240295,0.089927809,0.004775351,0.336489736,0.029546086,0.018746719,0.009201261
2019-06-11 16:00:00 UTC,2.187232365,0.230917879,0.006247586,0.058310615,0.175584417,0.024182822,0.184626119,0.032197291,0.03449266,0.011109093
2019-06-11 17:00:00 UTC,2.241200374,,0.00796828,0.06409566,0.103679664,0.01599031,0.241256756,0.033179546,0.024856329,0.016603361
2019-06-11 18:00:00 UTC,2.230309843,0.167575846,0.007037247,0.05588567,0.092212968,0.006390911,0.171860771,0.04415661,0.022431657,0.03525468
2019-06-11 19:00:00 UTC,2.220450776,,0.004078578,0.051364048,0.112464642,0.014193325,0.125572945,0.028977177,0.024858039,0.038359672
2019-06-11 20:00:00 UTC,2.214447664,3.336990264,0.006894417,0.086593405,0.100338381,0.022811409,0.173906636,0.034900342,0.025541759,0.028397822
2019-06-11 21:00:00 UTC,2.248925589,,0.005966328,0.085029371,0.087226785,0.03529197,0.229973175,0.060157385,0.015750142,0.018286771
2019-06-11 22:00:00 UTC,2.223631919,0.19934041,0.002560233,0.059915879,0.106799942,0.012521178,0.19909665,0.048065756,0.011299881,0.009667748
2019-06-11 23:00:00 UTC,2.190347076,,0.003433249,0.028351237,0.073391072,0.012998672,0.133131168,0.016381572,0.010780654,0.012832163
2019-06-12 00:00:00 UTC,2.201214329,0.160477423,0.007161933,0.033848261,0.174704669,0.018819107,0.130710325,0.032778999,0.014778749,0.015005433
2019-06-12 01:00:00 UTC,2.203344476,,0.004730526,0.036592096,0.140945617,0.011647912,0.164741346,0.031049174,0.010078749,0.018354813
2019-06-12 02:00:00 UTC,1.757642924,0.124106711,0.00835517,0.023207581,0.113436836,0.012080082,0.147196799,0.024442009,0.018623827,0.013857686
2019-06-12 03:00:00 UTC,2.125223585,,0.011535828,0.048446847,0.155874218,0.009795422,0.14032364,0.025513289,0.016124095,0.015109462
2019-06-12 04:00:00 UTC,2.212181191,0.180741088,0.007536172,0.045847454,0.133350594,0.015054869,0.127600148,0.026693241,0.017984924,0.007515422
2019-06-12 05:00:00 UTC,2.015283554,,0.005776979,0.03953814,0.108811134,0.020996363,0.145020888,0.025828315,0.023522244,0.011613068
2019-06-12 06:00:00 UTC,1.953188419,1.027290908,0.003695887,0.039981077,0.200094161,0.006547914,0.153264093,0.029434718,0.016212957,0.016215206
2019-06-12 07:00:00 UTC,2.000372367,,0.004217413,0.032600628,,0.002734281,0.087162119,0.022293995,0.015648533,0.009004584
2019-06-12 08:00:00 UTC,2.060864557,0.245182532,0.003435453,0.039991344,0.127092641,0.003761893,0.17037672,0.015566147,0.005745037,0.006781372
2019-06-12 09:00:00 UTC,2.151692597,,0.001510087,0.031283284,0.14401183,0.003462253,0.183306178,0.026805212,0.011799952,0.009456623
2019-06-12 10:00:00 UTC,2.188423165,1.210662227,0.004270498,0.030457162,0.085290684,0.012128795,0.131984283,0.019088939,0.016163026,0.015106145
2019-06-12 11:00:00 UTC,2.199262986,,0.002663994,0.031761686,0.109827288,0.004719767,0.096813819,0.012400459,0.007952337,0.020312075
2019-06-12 12:00:00 UTC,2.19155199,0.273210062,0.007574116,0.043244416,0.181904498,0.010781888,0.156839652,0.016649265,0.016109073,0.013937465
2019-06-12 13:00:00 UTC,2.195488193,,0.002463038,0.037778739,0.108336623,0.006543865,0.146193783,0.019878042,0.006762731,0.012055428
2019-06-12 14:00:00 UTC,2.211912026,0.24646164,0.003630761,0.052293929,0.181054077,0.010534078,0.168533793,0.02552439,0.018743318,0.01468734
2019-06-12 15:00:00 UTC,2.139717783,,0.00831643,0.045845174,0.116175182,0.016621465,0.173885696,0.019938567,0.038409329,0.115497963
2019-06-12 16:00:00 UTC,1.214557657,0.27992352,0.004216863,0.034914084,0.197841694,0.012734334,0.169172201,0.015277137,0.020588036,0.011913224
2019-06-12 17:00:00 UTC,1.628654983,,0.006484766,0.03354883,0.148564259,0.012797903,0.159563882,0.018565632,0.020435683,0.011761718
2019-06-12 18:00:00 UTC,1.589314623,0.176409191,0.00674482,0.032619373,0.172353626,0.006437997,0.088227091,0.015711854,0.014047813,0.015526021
2019-06-12 19:00:00 UTC,1.532683933,,0.004515388,0.036432308,0.121464446,0.008814513,0.097579274,0.019142039,0.006639462,0.012547156
2019-06-12 20:00:00 UTC,1.832678534,0.149332224,0.002651412,0.048965875,0.135662711,0.014869065,0.180034157,0.01846813,0.017168675,0.007378937
2019-06-12 21:00:00 UTC,1.919715645,,0.001351737,0.066171267,0.172169662,0.013415486,0.126442512,0.025473525,0.012016077,0.024010407
2019-06-12 22:00:00 UTC,2.214145084,0.199921599,0.002527001,0.043363707,0.287226586,0.01235608,0.109095528,0.036672517,0.01661987,0.010232527
2019-06-12 23:00:00 UTC,2.204927737,,0.004945233,0.031661523,0.207461487,0.009829739,0.147562222,0.02437483,0.007926345,0.017903232
2019-06-13 00:00:00 UTC,2.206212678,0.355046231,0.005611995,0.037097081,0.204859555,0.019165537,0.083303952,0.023606783,0.011969103,0.01326648
2019-06-13 01:00:00 UTC,2.202790478,,0.008718735,0.025056655,0.163468539,0.016481307,0.152023322,0.035629093,0.010986747,0.037311263
2019-06-13 02:00:00 UTC,2.207522259,0.14832241,0.00805223,0.040513332,0.066557795,0.009906655,0.133625688,0.031526532,0.023837933,0.008100592
2019-06-13 03:00:00 UTC,2.206892213,,0.012469252,0.034836521,0.152939486,0.015380665,0.132666662,0.019719452,0.019034283,0.009746113
2019-06-13 04:00:00 UTC,2.209342724,0.147954101,0.004871295,0.033013246,0.074748549,0.015213434,0.040608923,0.029409179,0.010525148,0.004510438
2019-06-13 05:00:00 UTC,2.202549281,,0.00567735,0.031389189,0.182364194,0.020555798,0.16988016,0.038246488,0.01204363,0.011274952
2019-06-13 06:00:00 UTC,1.975059835,0.163390249,0.007992606,0.032139919,0.145483642,0.011908136,0.108273534,0.042426131,0.005646884,0.010168411
2019-06-13 07:00:00 UTC,2.204274012,,0.002528989,0.032400982,0.204954216,0.006985599,0.202559424,0.029043494,0.00820123,0.019372302
2019-06-13 08:00:00 UTC,2.216750673,0.190164814,0.002214852,0.034668609,0.116152452,0.007308661,0.130537749,0.033076114,0.008712339,0.01547942
2019-06-13 09:00:00 UTC,2.205610837,,0.008098623,0.038966217,0.139953407,0.002144068,0.12729494,0.012007772,0.015407387,0.014065603
2019-06-13 10:00:00 UTC,2.208366055,0.147565538,0.013166002,0.033803129,0.203338493,0.001359415,0.118992159,0.009103088,0.027771984,0.01347935
2019-06-13 11:00:00 UTC,2.207798622,,0.005465338,0.031388779,0.256988998,0.007637228,0.13040641,0.019868403,0.006929476,0.00883361
2019-06-13 12:00:00 UTC,1.870526855,0.189950453,0.003412519,0.022891657,0.192151541,0.000911733,0.140031176,0.014558098,0.013086625,0.010068096
2019-06-13 13:00:00 UTC,1.870263848,,0.005969828,0.028403814,0.196753278,0.007061993,0.128503538,0.009547629,0.013025331,0.022479799
2019-06-13 14:00:00 UTC,1.930017908,0.141702388,0.004828585,0.032552345,0.205308699,0.005698286,0.133260561,0.021384777,0.01148203,0.015430057
2019-06-13 15:00:00 UTC,2.163301262,,0.00933061,0.026967156,0.257140228,0.013910845,0.101076034,0.019065206,0.004712218,0.044013844
2019-06-13 16:00:00 UTC,2.192194551,0.565875231,0.009827845,0.030724434,0.327341883,0.019630557,0.086813965,0.020738091,0.012979323,0.007740813
2019-06-13 17:00:00 UTC,2.198418245,,0.006503668,0.033508142,0.276000164,0.016417904,0.122056837,0.021332145,0.012466984,0.019133559
2019-06-13 18:00:00 UTC,2.188155367,0.139919735,0.006218105,0.039544941,0.13199692,0.007280109,0.104249158,0.021208812,0.019499835,0.020824419
2019-06-13 19:00:00 UTC,2.119790929,,0.007352218,0.035537711,0.174739946,0.016169392,,0.016615455,0.014379041,0.032975356
2019-06-13 20:00:00 UTC,2.171294939,0.220369931,0.006700001,0.055084716,0.253354861,0.019097631,0.291999063,0.021302145,0.011860594,0.013836612
2019-06-13 21:00:00 UTC,1.720917216,,0.005902458,0.04866928,0.212496163,0.01319203,0.115055641,0.029481805,0.019546727,0.023574501
2019-06-13 22:00:00 UTC,1.742337586,0.301950761,0.006071123,0.031118696,0.242590083,0.015794806,0.211515606,0.018442277,0.017354705,0.02725889
2019-06-13 23:00:00 UTC,2.138133815,,0.005191244,0.041460632,0.175574414,0.026887685,0.165896398,0.005810744,0.018201228,0.026094152
2019-06-14 00:00:00 UTC,2.180807607,0.282660275,0.00456067,0.033551185,0.264326373,0.023730942,0.158476835,0.146704937,0.011894845,0.032981324
2019-06-14 01:00:00 UTC,2.193761059,,0.00589831,0.038866423,0.268194217,0.018331652,0.208627409,0.028615159,0.018278505,0.031644673
2019-06-14 02:00:00 UTC,2.209803119,0.305770924,0.008107757,0.035749726,0.174126659,0.020764935,0.14642326,0.031015418,0.020560457,0.029554906
2019-06-14 03:00:00 UTC,2.215909082,,0.00455478,0.0415462,0.131502313,0.020270294,0.168293479,0.011454671,0.009383517,0.026386589
2019-06-14 04:00:00 UTC,2.176853616,0.176456343,0.008489936,0.038690375,0.168163773,0.009114569,0.137702283,0.011174338,0.01107273,0.008020492
2019-06-14 05:00:00 UTC,2.191820899,,0.001456596,0.032496845,0.218394258,0.005089787,0.113741718,0.025159457,0.010863273,0.022836729
2019-06-14 06:00:00 UTC,2.188855274,0.245296759,0.002956953,0.033574406,0.334715295,0.003657051,0.079646378,0.031215232,0.00456268,0.01692653
2019-06-14 07:00:00 UTC,2.210334674,,0.00268544,0.044021907,0.208754079,0.009122889,0.094196534,0.013445755,0.011117417,0.017478991
2019-06-14 08:00:00 UTC,1.934531649,0.249769694,0.001602929,0.044639286,0.156900893,0.003107517,0.128018268,0.015796668,0.018604947,0.024428151
2019-06-14 09:00:00 UTC,1.947197605,,0.002981699,0.035157274,0.169550193,0.003503835,0.1549332,0.014374563,0.016104698,0.009971208
2019-06-14 10:00:00 UTC,1.167337033,1.643571429,0.001554516,0.071252396,0.15758656,0.000962546,0.203391928,0.027431459,0.014305649,0.011942357
2019-06-14 11:00:00 UTC,0.792500294,,0.004346533,0.044751148,0.18776578,0.007893772,0.169591298,0.031475184,0.018850461,0.030880204
2019-06-14 12:00:00 UTC,1.534441462,0.211037159,0.003497511,0.058799541,0.10013153,0.004944801,0.120757203,0.011656019,0.011749833,0.025519337
2019-06-14 13:00:00 UTC,0.654127745,,0.004069082,0.053565549,0.135874251,0.014753628,0.105870602,0.013702982,0.010175668,0.02071097
2019-06-14 14:00:00 UTC,0.453879827,0.338099457,0.004008045,0.046806833,0.194086915,0.012340921,0.136039128,0.023980307,0.020825065,0.021919012
2019-06-14 15:00:00 UTC,0.507881474,,0.002851519,0.04311266,0.187122536,0.025444143,0.15350185,0.013672884,0.020998229,0.027005749
2019-06-14 16:00:00 UTC,1.908323918,0.178134707,0.003234131,0.034251237,0.250026431,0.007462751,0.144148934,0.020914772,0.021070471,0.023178296
2019-06-14 17:00:00 UTC,2.232746439,,0.002167621,0.050109253,0.16016738,0.012610651,0.191527372,0.044489147,0.021355768,0.012034124
2019-06-14 18:00:00 UTC,2.245024868,0.196085185,0.001206812,0.071609514,0.137252322,0.008387107,0.154479311,0.031704031,0.026465812,0.027453826
2019-06-14 19:00:00 UTC,2.236994682,,0.001358175,0.056411989,0.115903885,0.020907375,0.136283629,0.02332765,0.027940358,0.011479377
2019-06-14 20:00:00 UTC,2.224114809,0.265462478,0.002680126,0.060786668,0.125227351,0.014480276,0.137842776,0.043867035,0.024430819,0.021528566
2019-06-14 21:00:00 UTC,1.293688065,,0.00748009,0.07827295,0.139134969,0.035024176,0.087783524,0.043677895,0.04686379,0.037125748
2019-06-14 22:00:00 UTC,0.558532478,2.643240093,0.007106462,0.062914703,0.153743948,0.025394991,0.121989396,0.041366237,0.016830642,0.020406691
2019-06-14 23:00:00 UTC,0.636260358,,0.004511258,0.049496145,0.147629462,0.01939812,0.095959846,0.037980652,0.02827174,0.038356342
2019-06-15 00:00:00 UTC,1.466095918,4.996436782,0.003724955,0.074891841,0.181295783,0.022681259,0.134016545,0.051575654,0.029785783,0.024522395
2019-06-15 01:00:00 UTC,1.714474096,,0.002813715,0.056978263,0.109882668,0.014606715,0.080289843,0.04112164,0.022175936,0.022178199
2019-06-15 02:00:00 UTC,1.043891131,2.71137931,0.002527373,0.061325659,0.138577913,0.023672871,0.121362124,0.037498234,0.022113415,0.023937625
2019-06-15 03:00:00 UTC,1.191309538,,0.002281525,0.07864161,0.12055636,0.02248565,0.118402212,0.041477458,0.017823559,0.029368729
2019-06-15 04:00:00 UTC,1.171417987,3.614367816,0.001325132,0.052122389,0.094999076,0.029802836,0.120330817,0.039406295,0.033454249,0.02773422
2019-06-15 05:00:00 UTC,0.909830195,,0.001170425,0.069883078,0.116391912,0.008145359,0.071137787,0.051686929,0.032865682,0.020549893
2019-06-15 06:00:00 UTC,0.465941455,4.961954023,0.007110057,0.039714982,0.25449355,0.007955912,0.095020889,0.032511918,0.033462783,0.017590139
2019-06-15 07:00:00 UTC,0.748892996,,0.002568444,0.045815562,0.144658101,0.007428565,0.076104514,0.03249227,0.042194138,0.006235407
2019-06-15 08:00:00 UTC,0.618980853,4.424176329,0.002413021,0.057542686,0.133659101,0.000114998,0.135349513,0.029051664,0.02705855,0.018291943
2019-06-15 09:00:00 UTC,1.640700264,,0.001695084,0.050397189,0.068292471,0.007036544,0.141103315,0.012599156,0.024606525,0.009883612
2019-06-15 10:00:00 UTC,2.154588986,2.143152336,0.002373453,0.062239869,0.169182902,0.008141647,0.150914057,0.040688383,0.013225513,0.021804079
2019-06-15 11:00:00 UTC,2.248175197,,0.001764021,0.078676539,0.177291794,0.020421112,0.188392196,0.05782238,0.026195622,0.021147302
2019-06-15 12:00:00 UTC,2.207044561,2.81402824,0.003303454,0.049106627,0.141718922,0.004434108,0.140057074,0.026295546,0.030564971,0.014928244
2019-06-15 13:00:00 UTC,2.24103228,,0.00310851,0.068271926,0.090695149,0.009210283,0.083795894,0.013033617,0.016140891,0.01667192
2019-06-15 14:00:00 UTC,2.145142936,1.841122536,0.001335613,0.042622074,0.1244458,0.006199101,0.104152545,0.030937903,0.015108151,0.02560242
2019-06-15 15:00:00 UTC,1.417440809,,0.00591025,0.065732616,0.105162958,0.013688179,0.085821067,0.037490666,0.034716003,0.026201518
2019-06-15 16:00:00 UTC,0.878729244,0.891237641,0.006980452,0.060951472,0.15386976,0.017378766,0.097395861,0.034105508,0.02712997,0.028115857
2019-06-15 17:00:00 UTC,2.238784556,,0.002830763,0.063470252,0.122524708,0.011318221,0.055483854,0.042427011,0.039179793,0.02738756
2019-06-15 18:00:00 UTC,2.213022653,1.326287078,0.006074305,0.055759793,0.160809109,0.015213397,0.107347016,0.044387278,0.037040063,0.021792316
2019-06-15 19:00:00 UTC,2.219548888,,0.004728494,0.060831482,0.102332113,0.014821151,0.108068947,0.035938516,0.017665973,0.025259974
2019-06-15 20:00:00 UTC,2.229400932,1.295806458,0.005874386,0.061069191,0.088814071,0.011885734,0.19175436,0.040504786,0.025057082,0.019364864
2019-06-15 21:00:00 UTC,2.244485354,,0.005974653,0.066323875,0.133211202,0.014315082,0.144407912,0.055046026,0.038599794,0.022994906
2019-06-15 22:00:00 UTC,2.240091071,1.438550384,0.005905043,0.075434898,0.214139,0.025085675,0.151134717,0.052131461,0.015812317,0.024235832
2019-06-15 23:00:00 UTC,2.225862656,,0.010302806,0.051268518,0.171043113,0.013567714,0.204451334,0.050926025,0.02236913,0.017320168
2019-06-16 00:00:00 UTC,1.862214242,1.342290249,0.00179653,0.047667126,0.175516555,0.023468785,0.241063038,0.03852051,0.025999261,0.020016392
2019-06-16 01:00:00 UTC,1.732672369,,0.007585615,0.072488692,0.117055794,0.024970789,0.143742675,0.039417873,0.022650876,0.017940122
2019-06-16 02:00:00 UTC,2.187120083,0.566780045,0.00611536,0.051508211,0.179838996,0.027126486,0.133130792,0.029274749,0.040793518,0.01630948
2019-06-16 03:00:00 UTC,1.309037331,,0.003577628,0.06798864,0.102897501,0.017526853,0.105486925,0.016408568,0.021321245,0.031616816
2019-06-16 04:00:00 UTC,0.887662835,1.890674157,0.005598316,0.047930499,0.077099231,0.009196011,0.096568785,0.019993092,0.034155689,0.018379675
2019-06-16 05:00:00 UTC,2.137381241,,0.006842786,0.057054011,0.217091444,0.020828421,0.129235994,0.034265061,0.049495466,0.037358681
2019-06-16 06:00:00 UTC,2.218477143,2.088248096,0.008017669,0.059116141,0.216491357,0.03238658,0.323162641,0.040973865,0.06092953,0.032185615
2019-06-16 07:00:00 UTC,1.121129276,,0.00768556,0.050044601,0.182237271,0.018034993,0.260686514,0.019738802,0.012515206,0.043409033
2019-06-16 08:00:00 UTC,0.860435298,2.050707291,0.007689246,0.05966164,0.226201303,0.048654694,0.232119252,0.047911094,0.034622245,0.028675223
2019-06-16 09:00:00 UTC,1.392621186,,0.009027803,0.068007869,0.296142897,0.034205975,0.224269013,0.033868476,0.070137416,0.053867181
2019-06-16 10:00:00 UTC,1.729436225,3.57228581,0.005376758,0.072992294,0.209797425,0.035422779,0.207603416,0.027498465,0.037671393,0.033486191
2019-06-16 11:00:00 UTC,1.233051607,,0.005590778,0.033624635,0.221199625,0.021294985,0.127884226,0.020208829,0.028185132,0.027829347
2019-06-16 12:00:00 UTC,1.149043327,3.763757146,0.007640176,0.053925256,0.213499851,0.025749825,0.266746883,0.012986702,0.01535637,0.021436078
2019-06-16 13:00:00 UTC,1.466562307,,0.005578464,0.06756348,0.18179283,0.016604776,0.262024292,0.021701991,0.032093865,0.020103995
2019-06-16 14:00:00 UTC,1.927379527,4.803107394,0.010722454,0.054742016,0.219175062,0.026472852,0.237252278,0.031261128,0.016413236,0.015479206
2019-06-16 15:00:00 UTC,2.132873294,,0.011341763,0.052454791,0.144807135,0.015878884,0.304727869,0.052030544,0.045853783,0.039137184
2019-06-16 16:00:00 UTC,2.144642488,1.792391304,0.006725661,0.075932957,0.15881599,0.018329855,0.279162585,0.071773697,0.022628634,0.02048898
2019-06-16 17:00:00 UTC,1.199628209,,0.006385331,0.071215382,0.148869155,0.019056732,0.285007568,0.063493061,0.024765052,0.042602522
2019-06-16 18:00:00 UTC,0.833806752,5.63970968,0.003994213,0.074701661,0.213320525,0.019685473,0.306946705,0.03274026,0.018842605,0.032966905
2019-06-16 19:00:00 UTC,1.309435993,,0.010007338,0.07483987,0.139379251,0.018324697,0.266556346,0.047376775,0.052069949,0.044015447
2019-06-16 20:00:00 UTC,2.149443481,4.690962925,0.011589682,0.067601483,0.252777388,0.024213541,0.279588173,0.047668514,0.054748048,0.044080862
2019-06-16 21:00:00 UTC,2.04890497,,0.009105997,0.057988659,0.227842358,0.015526443,0.398979128,0.102536372,0.062775167,0.022472457
2019-06-16 22:00:00 UTC,1.558671002,3.63911137,0.012004025,0.033053221,0.140278393,0.00344397,0.43909494,0.028168303,0.021216703,0.0212965
2019-06-16 23:00:00 UTC,1.973754354,,0.014805984,0.035711434,0.263807735,0.001994098,0.326558883,0.007246641,0.031375879,0.011865013
2019-06-17 00:00:00 UTC,2.243864045,0.309973031,0.006747022,0.07516263,0.203710261,0.013484783,0.268216215,0.026389392,0.046085674,0.031064481
2019-06-17 01:00:00 UTC,2.238855021,,0.014966578,0.074482157,0.125399576,0.009099568,0.338367304,0.015773713,0.056447664,0.024567269
2019-06-17 02:00:00 UTC,2.258431846,0.248174371,0.013054234,0.079467703,0.167925127,0.008546578,0.352508866,0.012192086,0.05609436,0.017590037
2019-06-17 03:00:00 UTC,2.232694108,,0.008695653,0.083478242,0.181329273,0.011011083,0.351122315,0.014817327,0.028089747,0.025050397
2019-06-17 04:00:00 UTC,2.220718901,5.765261417,0.008617568,0.058755102,0.204348815,0.015734756,0.217353593,0.008487948,0.028073681,0.022189875
2019-06-17 05:00:00 UTC,2.202818672,,0.007993633,0.028796955,0.231634115,0.007798526,0.389096933,0.019274139,0.033359331,0.0185844
2019-06-17 06:00:00 UTC,2.186950382,0.264494631,0.005605279,0.022180099,0.093419127,0.011863153,0.230849048,0.027162908,0.048414257,0.016274747
2019-06-17 07:00:00 UTC,2.197297904,,0.003752361,0.03099374,0.125516903,0.004548479,0.160914613,0.041146838,0.031626325,0.01917201
2019-06-17 08:00:00 UTC,2.217762847,0.283006536,0.004336929,0.057123064,0.130879813,0.003700983,0.091797204,0.028217626,0.024698688,0.016496276
2019-06-17 09:00:00 UTC,1.449330539,,0.001807048,0.033184451,0.265497725,0.003921596,0.145260431,0.031609334,0.030859386,0.01770353
2019-06-17 10:00:00 UTC,0.933336961,5.730650935,0.004566921,0.051149096,0.206443684,0.004259767,0.151321398,0.038591877,0.038246797,0.010951175
2019-06-17 11:00:00 UTC,2.146011495,,0.008634901,0.052563083,0.177010984,0.008381787,0.099626465,0.014869906,0.037871108,0.024550758
2019-06-17 12:00:00 UTC,2.221612931,1.154314733,0.008909254,0.053089815,0.229944003,0.009407997,0.131188388,0.029179435,0.029775016,0.024388281
2019-06-17 13:00:00 UTC,1.489861155,,0.007409679,0.053439838,0.180458916,0.006899404,0.128680007,0.015131674,0.027802115,0.019660756
2019-06-17 14:00:00 UTC,0.743100108,0.293333333,0.01200242,0.066428252,0.138472854,0.011237561,0.085705501,0.024667881,0.02678981,0.020005163
2019-06-17 15:00:00 UTC,2.238825969,,0.008849685,0.089722389,0.144942999,0.01895286,0.129336432,0.032327333,0.027184414,0.019579634
2019-06-17 16:00:00 UTC,2.251386517,1.324828105,0.011152902,0.075611727,0.182445376,0.024086413,0.160498678,0.027386333,0.033085694,0.030063516
2019-06-17 17:00:00 UTC,2.227527991,,0.004071403,0.054460319,0.16706635,0.003470786,0.155397486,0.022619314,0.014179117,0.027661565
2019-06-17 18:00:00 UTC,2.213901773,0.243146372,0.004535065,0.045979051,0.099268734,0.008257681,0.143855552,0.02378139,0.029882527,0.024185786
2019-06-17 19:00:00 UTC,2.225189897,,0.006059923,0.068712967,0.166446422,0.008597645,0.162328619,0.018439958,0.036100497,0.028631322
2019-06-17 20:00:00 UTC,1.442514901,1.724219601,0.008211904,0.078906478,0.147758683,0.014503523,0.18270188,0.035716207,0.038701511,0.024013378
2019-06-17 21:00:00 UTC,1.13537648,,0.005727801,0.064580305,0.204945566,0.018236807,0.187090145,0.026706399,0.024295944,0.018791389
2019-06-17 22:00:00 UTC,0.089096472,0.661130242,0.008699477,0.049596804,0.168515541,0.012839355,0.168337396,0.016702449,0.022086848,0.012137332
2019-06-17 23:00:00 UTC,1.77946517,,0.006122627,0.060940219,0.135390262,0.012658344,0.257450564,0.022549355,0.052336811,0.032470093
2019-06-18 00:00:00 UTC,1.695088659,0.282656717,0.006144147,0.068346645,0.116559904,0.00715016,0.124360532,0.026185277,0.042276305,0.016826111
2019-06-18 01:00:00 UTC,1.525674014,,0.004356379,0.078362997,0.100063865,0.008786084,0.210946129,0.020402815,0.040137706,0.030056337
2019-06-18 02:00:00 UTC,1.306359654,0.6219595,0.00427691,0.052736401,0.13768948,0.004325764,0.171537563,0.014705511,0.037957729,0.036569906
