Time,asks,bids,price
2019-05-19 04:00:00 UTC,16652989.4,5993605.353,7922.168611
2019-05-19 05:00:00 UTC,15808949.13,6378379.646,7961.910556
2019-05-19 06:00:00 UTC,16091307.33,6584688.795,7951.238611
2019-05-19 07:00:00 UTC,15875941.3,6773587.813,7962.825278
2019-05-19 08:00:00 UTC,15844463.99,7008048.792,7955.831389
2019-05-19 09:00:00 UTC,15946860.28,7464545.673,7999.118889
2019-05-19 10:00:00 UTC,16305936.88,6497453.886,8105.146944
2019-05-19 11:00:00 UTC,16184180.2,7200873.239,8065.705294
2019-05-19 12:00:00 UTC,15624414.5,6655195.905,7966.134444
2019-05-19 13:00:00 UTC,15218951.93,6595297.849,7940.2375
2019-05-19 14:00:00 UTC,16394178.44,6874335.827,7930.771944
2019-05-19 15:00:00 UTC,17289810.15,7507839.268,7947.140833
2019-05-19 16:00:00 UTC,18164691.54,8188558.342,7942.899722
2019-05-19 17:00:00 UTC,18117562.16,7968643.77,7971.840833
2019-05-19 18:00:00 UTC,18156881.05,8159713.083,7984.094722
2019-05-19 19:00:00 UTC,18222840.85,8389222.648,7994.478333
2019-05-19 20:00:00 UTC,18623070.06,8364730.427,7985.036944
2019-05-19 21:00:00 UTC,18730274.86,8553588.938,8056.87
2019-05-19 22:00:00 UTC,18227409.73,8238030.554,8115.976765
2019-05-19 23:00:00 UTC,16754286.86,6665070.979,8231.573056
2019-05-20 00:00:00 UTC,15343832.14,7083959.705,8024.441111
2019-05-20 01:00:00 UTC,15194806.28,8049474.014,7956.091136
2019-05-20 02:00:00 UTC,15122244.59,8402220.948,7936.893333
2019-05-20 03:00:00 UTC,16183580.64,8565350.522,8000.166875
2019-05-20 04:00:00 UTC,17697580.93,8040204.718,8070.871458
2019-05-20 05:00:00 UTC,17454942.1,8856483.392,7999.758333
2019-05-20 06:00:00 UTC,17030984.97,9213812.387,7962.738542
2019-05-20 07:00:00 UTC,17097338.77,8725647.117,7935.916042
2019-05-20 08:00:00 UTC,16964425.24,8870473.399,7878.85
2019-05-20 09:00:00 UTC,17998383.62,8089995.79,7887.612826
2019-05-20 10:00:00 UTC,19432828.78,7901107.169,7927.994792
2019-05-20 11:00:00 UTC,19099891.97,8419265.266,7883.522083
2019-05-20 12:00:00 UTC,18597428.92,9368186.68,7837.577692
2019-05-20 13:00:00 UTC,14368280.21,10673351.37,7703.561
2019-05-20 14:00:00 UTC,17447791.52,10272844.57,7757.0515
2019-05-20 15:00:00 UTC,18136991.03,9450065.492,7793.7075
2019-05-20 16:00:00 UTC,20420150.84,9313157.568,7857.438824
2019-05-20 17:00:00 UTC,20385302.19,9871869.912,7822.551111
2019-05-20 18:00:00 UTC,16788515.52,10949384.12,7751.183056
2019-05-20 19:00:00 UTC,18975691.78,10139494.77,7812.583529
2019-05-20 20:00:00 UTC,18987810.56,9444506.909,7873.062222
2019-05-20 21:00:00 UTC,19715918.19,7859122.913,8069.3225
2019-05-20 22:00:00 UTC,19819016.64,8860117.657,8020.397222
2019-05-20 23:00:00 UTC,20229472.62,9422799.657,7973.2275
2019-05-21 00:00:00 UTC,20486180.3,9508529.735,7986.949444
2019-05-21 01:00:00 UTC,20165530.44,10512198.06,7957.423611
2019-05-21 02:00:00 UTC,19802568.44,10704798.59,7895.566667
2019-05-21 03:00:00 UTC,20303374.35,10559765.98,7938.480217
2019-05-21 04:00:00 UTC,20557091.11,10974415.08,7907.674583
2019-05-21 05:00:00 UTC,20087257.93,11219520.51,7893.895652
2019-05-21 06:00:00 UTC,19818050.1,11210568.02,7921.043333
2019-05-21 07:00:00 UTC,21074967.01,10902661.84,7945.767083
2019-05-21 08:00:00 UTC,22008297.41,10782247.04,7949.935625
2019-05-21 09:00:00 UTC,22457709.41,10391089.95,7985.3875
2019-05-21 10:00:00 UTC,21707780.76,10769597.92,7939.070625
2019-05-21 11:00:00 UTC,21432799.51,11009065.53,7899.897917
2019-05-21 12:00:00 UTC,21396320.16,11491947.2,7871.641364
2019-05-21 13:00:00 UTC,22417036.72,11272787.99,7923.519464
2019-05-21 14:00:00 UTC,22703655.57,11536035.72,7924.42
2019-05-21 15:00:00 UTC,23057481.38,11746898.48,7945.635
2019-05-21 16:00:00 UTC,22907804.58,11810537.32,7926.338333
2019-05-21 17:00:00 UTC,22881415.9,13960965.55,7955.444444
2019-05-21 18:00:00 UTC,23392707.1,14199990.86,8018.275278
2019-05-21 19:00:00 UTC,23656326.12,14292404.54,8010.433889
2019-05-21 20:00:00 UTC,23628483.18,14054923.97,8055.979722
2019-05-21 21:00:00 UTC,20792145.18,13819037.5,8038.211389
2019-05-21 22:00:00 UTC,20388043.08,14846240.4,7960.401667
2019-05-21 23:00:00 UTC,20959189.88,15352788.27,7988.246389
2019-05-22 00:00:00 UTC,20948238.01,15394428.5,7991.580833
2019-05-22 01:00:00 UTC,20757813.24,15059570.84,7984.072222
2019-05-22 02:00:00 UTC,20340846.19,15346182.13,7954.126944
2019-05-22 03:00:00 UTC,20419325.52,15396417.18,7953.867647
2019-05-22 04:00:00 UTC,20356265.91,14880264.19,7929.268889
2019-05-22 05:00:00 UTC,21089984.21,15335220.68,7942.537778
2019-05-22 06:00:00 UTC,21093804.35,15655738.02,7938.468056
2019-05-22 07:00:00 UTC,22670996.1,15475043.82,7921.513611
2019-05-22 08:00:00 UTC,24390257.21,15196669.19,7937.646111
2019-05-22 09:00:00 UTC,24195955.22,15305678.24,7926.203889
2019-05-22 10:00:00 UTC,23368998.06,15579238.67,7899.920556
2019-05-22 11:00:00 UTC,22480187.21,14861856.95,7820.22
2019-05-22 12:00:00 UTC,23063905.46,14915630.9,7829.367222
2019-05-22 13:00:00 UTC,23238511.57,15179754.92,7836.337647
2019-05-22 14:00:00 UTC,23710617.76,15509525.36,7871.336667
2019-05-22 15:00:00 UTC,24034535.71,15331470.63,7945.780278
2019-05-22 16:00:00 UTC,24366960.26,15542020.34,7961.811389
2019-05-22 17:00:00 UTC,24489903.21,15365896.1,7918.693333
2019-05-22 18:00:00 UTC,24536814.88,15329357.98,7904.501389
2019-05-22 19:00:00 UTC,25032203.95,15716003.58,7908.565588
2019-05-22 20:00:00 UTC,24742782.6,14307708.15,7848.250278
2019-05-22 21:00:00 UTC,22879213.56,14701683.85,7757.613889
2019-05-22 22:00:00 UTC,19748211.44,13297427.74,7688.616111
2019-05-22 23:00:00 UTC,19684904.23,12726282.99,7685.964722
2019-05-23 00:00:00 UTC,17016857.86,14562266.52,7615.107059
2019-05-23 01:00:00 UTC,17827951.93,14937741.8,7641.955556
2019-05-23 02:00:00 UTC,18112977,14994533.58,7647.654722
2019-05-23 03:00:00 UTC,18909687.74,15209166.44,7644.735278
2019-05-23 04:00:00 UTC,19518791.86,14677405.41,7663.796944
2019-05-23 05:00:00 UTC,18129750.49,15056247.34,7632.176389
2019-05-23 06:00:00 UTC,17593182.38,14876160.05,7610.528333
2019-05-23 07:00:00 UTC,17789131.55,15026795.54,7618.246667
2019-05-23 08:00:00 UTC,16872732.73,15501794.59,7581.318056
2019-05-23 09:00:00 UTC,14809902.57,15441275.95,7540.104211
2019-05-23 10:00:00 UTC,16107606.36,14036491.86,7602.404167
2019-05-23 11:00:00 UTC,17350215.02,13648936.68,7621.528611
2019-05-23 12:00:00 UTC,16301026.14,14307183.66,7590.091111
2019-05-23 13:00:00 UTC,18983288.85,14108130.21,7660.186944
2019-05-23 14:00:00 UTC,21145795.87,13737515.74,7715.066389
2019-05-23 15:00:00 UTC,23852534.7,13034416.7,7780.566316
2019-05-23 16:00:00 UTC,24302754.49,12321746.02,7825.429792
2019-05-23 17:00:00 UTC,23504318.5,12582093.84,7794.993333
2019-05-23 18:00:00 UTC,23127761.29,12862006.52,7779.701667
2019-05-23 19:00:00 UTC,22984649.71,14617739.62,7760.601957
2019-05-23 20:00:00 UTC,24502048.9,12738932.02,7814.745833
2019-05-23 21:00:00 UTC,24578207.84,11830028.66,7881.315625
2019-05-23 22:00:00 UTC,24969102.07,11679260.21,7928.677917
2019-05-23 23:00:00 UTC,24579031.81,11796628.39,7900.5925
2019-05-24 00:00:00 UTC,24109826.16,12224040.09,7864.159792
2019-05-24 01:00:00 UTC,24682650.82,12225547.38,7900.000625
2019-05-24 02:00:00 UTC,24178458.32,13179579.71,7856.606667
2019-05-24 03:00:00 UTC,24105306.95,13211207.25,7856.89875
2019-05-24 04:00:00 UTC,24208794.81,12948293.99,7860.020208
2019-05-24 05:00:00 UTC,23606784.02,13654436.27,7823.534348
2019-05-24 06:00:00 UTC,23866904.58,13663640.36,7847.325625
2019-05-24 07:00:00 UTC,24210751.01,13216459.21,7878.767083
2019-05-24 08:00:00 UTC,23714992.23,12102143,7964.235
2019-05-24 09:00:00 UTC,23493277.51,12231123.39,7966.309375
2019-05-24 10:00:00 UTC,24480004.16,11999425.2,7996.431042
2019-05-24 11:00:00 UTC,24702351.74,11254398.57,8025.7225
2019-05-24 12:00:00 UTC,25006542.23,11813432.63,8023.732885
2019-05-24 13:00:00 UTC,24727559.09,11797279.52,8002.816333
2019-05-24 14:00:00 UTC,25081647.44,11598652.04,8014.932833
2019-05-24 15:00:00 UTC,24405671.9,10413535.75,8104.915227
2019-05-24 16:00:00 UTC,21426096.72,10179248,8140.202778
2019-05-24 17:00:00 UTC,20750870.21,9911911.889,8083.243611
2019-05-24 18:00:00 UTC,21452758.98,9974080.866,8076.106111
2019-05-24 19:00:00 UTC,21918011.78,11098330.67,8041.549444
2019-05-24 20:00:00 UTC,21919683.06,10313343.77,8083.161667
2019-05-24 21:00:00 UTC,21682658.04,10033069.43,8097.931389
2019-05-24 22:00:00 UTC,21354500.16,10732485.43,8059.275833
2019-05-24 23:00:00 UTC,21108656.76,11430181.38,7991.783056
2019-05-25 00:00:00 UTC,20851506.57,11806290.99,8001.121765
2019-05-25 01:00:00 UTC,21343936.63,11482628.94,8037.025833
2019-05-25 02:00:00 UTC,21750337.95,11450913.63,8031.816389
2019-05-25 03:00:00 UTC,21990413.05,11581527.09,8020.598889
2019-05-25 04:00:00 UTC,22144881.34,12145623.74,8018.578611
2019-05-25 05:00:00 UTC,21644972.16,12665579.53,7994.086111
2019-05-25 06:00:00 UTC,21378797.79,12630568,7981.238333
2019-05-25 07:00:00 UTC,21368417.31,12939206.91,7979.861667
2019-05-25 08:00:00 UTC,21536983.65,12876032.59,8002.348333
2019-05-25 09:00:00 UTC,21213453.77,12000756.35,8041.053611
2019-05-25 10:00:00 UTC,20953236.82,10815416.32,8098.724706
2019-05-25 11:00:00 UTC,21148444.85,10955115.85,8112.670833
2019-05-25 12:00:00 UTC,21100234.5,11244763.69,8086.04
2019-05-25 13:00:00 UTC,20951325.46,11923467.29,8068.176944
2019-05-25 14:00:00 UTC,21478066.97,11992891.9,8054.642222
2019-05-25 15:00:00 UTC,22212217.58,11665767.21,8074.6875
2019-05-25 16:00:00 UTC,22261814.76,12662714.18,8051.700278
2019-05-25 17:00:00 UTC,22162964.05,13021718.7,8049.986389
2019-05-25 18:00:00 UTC,22285894.31,12214012.91,8078.2875
2019-05-25 19:00:00 UTC,21448855.54,13110501.72,8030.483611
2019-05-25 20:00:00 UTC,21792400.56,12487357.63,8047.172632
2019-05-25 21:00:00 UTC,22002064.56,12340107.46,8060.553333
2019-05-25 22:00:00 UTC,22896462.15,12041129.3,8066.383333
2019-05-25 23:00:00 UTC,23121712.68,12246314.87,8067.485
2019-05-26 00:00:00 UTC,23221193.87,12188974.5,8066.673333
2019-05-26 01:00:00 UTC,23460080.32,12755755.93,8045.398333
2019-05-26 02:00:00 UTC,23334752.64,12760852.02,8048.401667
2019-05-26 03:00:00 UTC,23598152.33,13018566.93,8022.288333
2019-05-26 04:00:00 UTC,23521844,12752617.3,8030.552222
2019-05-26 05:00:00 UTC,23378973.23,13318296.27,8007.250833
2019-05-26 06:00:00 UTC,23398232.69,13529012.78,7992.962778
2019-05-26 07:00:00 UTC,23498512.2,13479503.59,7997.339706
2019-05-26 08:00:00 UTC,23179486.38,13698984.79,7996.969722
2019-05-26 09:00:00 UTC,23535110.59,12852407.64,8015.935278
2019-05-26 10:00:00 UTC,22702707.76,13829059.28,7976.802778
2019-05-26 11:00:00 UTC,22542902.26,13493163.34,7942.301389
2019-05-26 12:00:00 UTC,22494568.81,13314867.91,7948.503333
2019-05-26 13:00:00 UTC,22682297.49,13416652.82,7960.620833
2019-05-26 14:00:00 UTC,23533267.57,12771490.86,7995.456944
2019-05-26 15:00:00 UTC,23585109.85,12779814.37,8003.029167
2019-05-26 16:00:00 UTC,23504693.58,13094370.88,8002.880833
2019-05-26 17:00:00 UTC,23620705.19,13127364.77,8007.508611
2019-05-26 18:00:00 UTC,23612371.5,13523966.89,8008.420882
2019-05-26 19:00:00 UTC,17350294.84,10840337.19,8239.688611
2019-05-26 20:00:00 UTC,10511382.27,9370901.91,8650.348333
2019-05-26 21:00:00 UTC,10943331.2,11427414.46,8611.748889
2019-05-26 22:00:00 UTC,11724155.95,11835880.03,8686.9575
2019-05-26 23:00:00 UTC,13474215.87,14583590.95,8721.215556
2019-05-27 00:00:00 UTC,13488616.31,13168967.64,8849.079722
2019-05-27 01:00:00 UTC,13464222.47,11392271.7,8863.8325
2019-05-27 02:00:00 UTC,12990045.84,13118578.48,8767.276111
2019-05-27 03:00:00 UTC,13248920.59,13695827.05,8776.512778
2019-05-27 04:00:00 UTC,13868060.82,14841678.27,8740.573333
2019-05-27 05:00:00 UTC,13768862.53,15638608.87,8740.622647
2019-05-27 06:00:00 UTC,14250672.59,15885972.38,8751.81
2019-05-27 07:00:00 UTC,14296768.79,15323803.83,8786.123611
2019-05-27 08:00:00 UTC,14454711.98,16024198.74,8748.715833
2019-05-27 09:00:00 UTC,14532302.01,16363392.73,8754.8475
2019-05-27 10:00:00 UTC,14786252.18,16670887.14,8740.4575
2019-05-27 11:00:00 UTC,14952969.85,16361840.37,8716.694722
2019-05-27 12:00:00 UTC,15116328.01,14347877.32,8804.988056
2019-05-27 13:00:00 UTC,15484977.57,14054390.68,8822.905833
2019-05-27 14:00:00 UTC,15809322.3,14289688.21,8799.326389
2019-05-27 15:00:00 UTC,15903198.14,13876804.09,8847.363611
2019-05-27 16:00:00 UTC,15558017.62,13676467.88,8845.421471
2019-05-27 17:00:00 UTC,15282837.5,15107018.22,8729.325278
2019-05-27 18:00:00 UTC,16106522.86,14990782.23,8751.308611
2019-05-27 19:00:00 UTC,16452564.27,14240800.88,8807.357222
2019-05-27 20:00:00 UTC,16468106.94,15716605.12,8770.687778
2019-05-27 21:00:00 UTC,16894844.74,15540863.81,8776.727778
2019-05-27 22:00:00 UTC,17038625.03,14867117.08,8796.169167
2019-05-27 23:00:00 UTC,17310593.13,14899509.98,8821.493333
2019-05-28 00:00:00 UTC,17144443.1,15838561.4,8780.946389
2019-05-28 01:00:00 UTC,16616313.65,15120217.03,8783.738889
2019-05-28 02:00:00 UTC,16931111.34,14629907.42,8801.707941
2019-05-28 03:00:00 UTC,17604157.28,14896526.15,8778.790833
2019-05-28 04:00:00 UTC,17832679.41,14952439.3,8793.995833
2019-05-28 05:00:00 UTC,17778153.95,15620557.12,8770.0575
2019-05-28 06:00:00 UTC,17560664.95,15721840.58,8733.895278
2019-05-28 07:00:00 UTC,17569881.86,15812330.51,8722.403889
2019-05-28 08:00:00 UTC,17643060.71,16209903.67,8719.991905
2019-05-28 09:00:00 UTC,17610330.95,15555892.71,8730.205
2019-05-28 10:00:00 UTC,17337035.86,16033478.29,8698.276667
2019-05-28 11:00:00 UTC,17571161.27,16096117.24,8720.473056
2019-05-28 12:00:00 UTC,17335749.68,16035817.8,8728.903889
2019-05-28 13:00:00 UTC,16703079.56,16548337.67,8675.590556
2019-05-28 14:00:00 UTC,17241224.16,16224690.7,8681.231765
2019-05-28 15:00:00 UTC,17539725.68,16405467.29,8692.848611
2019-05-28 16:00:00 UTC,16816357.27,17153026.56,8668.941667
2019-05-28 17:00:00 UTC,17002599.56,16350879.81,8718.9125
2019-05-28 18:00:00 UTC,17309244.81,16374520.19,8739.784118
2019-05-28 19:00:00 UTC,17495258.26,16427585.89,8710.396944
2019-05-28 20:00:00 UTC,17556986.84,16254490.83,8696.864167
2019-05-28 21:00:00 UTC,16686756.65,16848112.27,8688.705
2019-05-28 22:00:00 UTC,17459474.05,16983295.31,8708.395278
2019-05-28 23:00:00 UTC,17971523.45,17222344.43,8709.876667
2019-05-29 00:00:00 UTC,18967204.88,17463816.71,8690.774118
2019-05-29 01:00:00 UTC,19793792.56,17497894.85,8690.738056
2019-05-29 02:00:00 UTC,18649787.37,18561726.72,8652.43
2019-05-29 03:00:00 UTC,18653828.1,18247536.12,8648.123333
2019-05-29 04:00:00 UTC,17536460.48,17530408.44,8599.588611
2019-05-29 05:00:00 UTC,16384155.5,16745989.28,8526.614722
2019-05-29 06:00:00 UTC,15716068.3,16202700.97,8506.033611
2019-05-29 07:00:00 UTC,16172741.72,16606433.35,8531.843333
2019-05-29 08:00:00 UTC,16858493.54,16681845.49,8555.601944
2019-05-29 09:00:00 UTC,17695329.19,16790605.8,8585.416667
2019-05-29 10:00:00 UTC,18752855.8,16019778.66,8651.541389
2019-05-29 11:00:00 UTC,18210995.97,16845308.8,8640.394412
2019-05-29 12:00:00 UTC,17555436.86,17328450.12,8634.263611
2019-05-29 13:00:00 UTC,18573859.95,16534846.41,8696.327222
2019-05-29 14:00:00 UTC,18934656.78,15918630.02,8717.727778
2019-05-29 15:00:00 UTC,19304897.73,15746450.98,8708.858611
2019-05-29 16:00:00 UTC,19218591.96,16603997.88,8701.301944
2019-05-29 17:00:00 UTC,19440207.3,16625457.85,8711.573889
2019-05-29 18:00:00 UTC,19208082.84,16665545.4,8684.315278
2019-05-29 19:00:00 UTC,19298621.83,16896160.92,8692.621667
2019-05-29 20:00:00 UTC,18583217.49,16937618.97,8673.165278
2019-05-29 21:00:00 UTC,17920089.25,16663751.29,8659.897353
2019-05-29 22:00:00 UTC,18532744.06,16129714.32,8685.40175
2019-05-29 23:00:00 UTC,18030899,16494985.74,8664.229545
2019-05-30 00:00:00 UTC,17926160.23,17315550.05,8657.598056
2019-05-30 01:00:00 UTC,18559939.89,16607663.22,8676.898824
2019-05-30 02:00:00 UTC,20854879.21,16778440.16,8602.190556
2019-05-30 03:00:00 UTC,20782413.56,16663262.94,8647.624167
2019-05-30 04:00:00 UTC,20701560.9,16094043.82,8682.665278
2019-05-30 05:00:00 UTC,18759792.55,15948276.64,8728.519722
2019-05-30 06:00:00 UTC,18789440.71,16772850.1,8721.129167
2019-05-30 07:00:00 UTC,18597729.96,16473673.37,8705.578889
2019-05-30 08:00:00 UTC,18539794.51,16315050.06,8694.519167
2019-05-30 09:00:00 UTC,18303979.9,16371496.13,8701.100556
2019-05-30 10:00:00 UTC,18545667.3,15832405.47,8730.000556
2019-05-30 11:00:00 UTC,18633816.26,15762452.67,8731.005
2019-05-30 12:00:00 UTC,18569777.93,16519138.5,8718.42
2019-05-30 13:00:00 UTC,18692243.67,16604394.93,8722.124167
2019-05-30 14:00:00 UTC,18748510.17,17000549.44,8722.184074
2019-05-30 15:00:00 UTC,18231128.56,15978348.68,8785.292031
2019-05-30 16:00:00 UTC,13081771.42,14768397.28,8777.392857
2019-05-30 17:00:00 UTC,12606372.84,15346119.25,8620.4275
2019-05-30 18:00:00 UTC,13154207.68,16047249.03,8629.71881
2019-05-30 19:00:00 UTC,13878083.38,17034947.07,8633.285714
2019-05-30 20:00:00 UTC,11700183.65,16068332.67,8512.66369
2019-05-30 21:00:00 UTC,7608806.122,12084742.81,8272.336585
2019-05-30 22:00:00 UTC,8442234.863,10223077.8,8263.145952
2019-05-30 23:00:00 UTC,8727515.401,10503326.24,8265.441071
2019-05-31 00:00:00 UTC,9244521.788,10660305.06,8309.467024
2019-05-31 01:00:00 UTC,10238155.57,10205213.54,8336.890357
2019-05-31 02:00:00 UTC,10916147.99,10495247.36,8316.575147
2019-05-31 03:00:00 UTC,9364752.889,10788496.52,8261.6805
2019-05-31 04:00:00 UTC,8455847.617,11507082.48,8219.649167
2019-05-31 05:00:00 UTC,7712117.457,11885793.6,8190.678167
2019-05-31 06:00:00 UTC,9530374.995,11441650.64,8263.330833
2019-05-31 07:00:00 UTC,10331506.13,12368191.76,8263.267333
2019-05-31 08:00:00 UTC,10796449.69,17105415.5,8289.064667
2019-05-31 09:00:00 UTC,11082985.65,12046472.28,8301.874167
2019-05-31 10:00:00 UTC,10956206.72,11753770.07,8309.643833
2019-05-31 11:00:00 UTC,9652075.594,11024983.45,8242.627
2019-05-31 12:00:00 UTC,11022730.49,10286097.03,8272.298333
2019-05-31 13:00:00 UTC,12978737.8,9395224.664,8393.594833
2019-05-31 14:00:00 UTC,13712022.32,9785161.127,8416.7085
2019-05-31 15:00:00 UTC,13499375.12,9995390.241,8390.532833
2019-05-31 16:00:00 UTC,13438764.69,10273774.86,8390.728667
2019-05-31 17:00:00 UTC,14606586.11,10393379.95,8417.076667
2019-05-31 18:00:00 UTC,14316160.67,10569656.45,8423.384333
2019-05-31 19:00:00 UTC,14707468.63,11012174.08,8416.622885
2019-05-31 20:00:00 UTC,17206150.63,11043543.3,8460.992222
2019-05-31 21:00:00 UTC,17557437.69,10712164.63,8526.148611
2019-05-31 22:00:00 UTC,17588561.37,11705022.31,8510.298611
2019-05-31 23:00:00 UTC,17089689.28,11974763.04,8550.817222
2019-06-01 00:00:00 UTC,16973726.54,12036649.26,8534.58
2019-06-01 01:00:00 UTC,17247828.66,11461768.42,8552.862778
2019-06-01 02:00:00 UTC,16856119.2,11781185.07,8528.062353
2019-06-01 03:00:00 UTC,18223377.75,11869229.99,8543.814722
2019-06-01 04:00:00 UTC,19773092.11,12030324.22,8535.223056
2019-06-01 05:00:00 UTC,19771794.86,11696782.14,8515.275833
2019-06-01 06:00:00 UTC,19761471.32,11460674.93,8503.748611
2019-06-01 07:00:00 UTC,20270792.77,11598622.54,8527.324167
2019-06-01 08:00:00 UTC,20213431.48,11772853.79,8532.658333
2019-06-01 09:00:00 UTC,19259531,10781194.1,8576.806944
2019-06-01 10:00:00 UTC,18803310.57,11583564.6,8576.766389
2019-06-01 11:00:00 UTC,19109219.37,11499885.07,8561.045278
2019-06-01 12:00:00 UTC,19240417.38,11171873.98,8561.787941
2019-06-01 13:00:00 UTC,18243649.21,11227120.21,8538.143611
2019-06-01 14:00:00 UTC,18822871.48,11439324.56,8513.055556
2019-06-01 15:00:00 UTC,19169658.58,10982004.83,8515.8325
2019-06-01 16:00:00 UTC,20319889.4,10960198.49,8556.936944
2019-06-01 17:00:00 UTC,20077968.43,11523711.67,8537.697143
2019-06-01 18:00:00 UTC,19513115.09,11498268.63,8519.584583
2019-06-01 19:00:00 UTC,19485551.56,10973809.57,8526.138333
2019-06-01 20:00:00 UTC,19688748.42,11331578.82,8545.291042
2019-06-01 21:00:00 UTC,20171151.92,10954119.02,8579.119583
2019-06-01 22:00:00 UTC,19576789.39,10760907.1,8570.279167
2019-06-01 23:00:00 UTC,19670715.97,10567289.23,8562.719348
2019-06-02 00:00:00 UTC,20033112.04,10537089.49,8571.202292
2019-06-02 01:00:00 UTC,21468650.08,10710417.37,8578.037708
2019-06-02 02:00:00 UTC,21628784.18,10600404.68,8580.925208
2019-06-02 03:00:00 UTC,21549871.9,10960080.91,8570.045
2019-06-02 04:00:00 UTC,21876452.86,10856625.44,8571.624167
2019-06-02 05:00:00 UTC,22207113.33,10781176.65,8578.788125
2019-06-02 06:00:00 UTC,21822955.78,10831642.1,8582.847917
2019-06-02 07:00:00 UTC,22549226.82,10026730.1,8637.725208
2019-06-02 08:00:00 UTC,23326671.84,8914133.892,8718.615625
2019-06-02 09:00:00 UTC,20634554.78,9406431.143,8728.091875
2019-06-02 10:00:00 UTC,20298495.84,9141430.144,8713.003043
2019-06-02 11:00:00 UTC,20559823.35,9053645.872,8735.672083
2019-06-02 12:00:00 UTC,20509946.03,8382770.927,8799.628542
2019-06-02 13:00:00 UTC,19207872.54,8727886.054,8711.040833
2019-06-02 14:00:00 UTC,18858716.29,9026410.357,8703.657292
2019-06-02 15:00:00 UTC,18601732.01,9510196.481,8711.972917
2019-06-02 16:00:00 UTC,18853746.05,9851760.83,8709.957083
2019-06-02 17:00:00 UTC,18650869.34,9969405.911,8694.774167
2019-06-02 18:00:00 UTC,18477639.69,9609658.076,8675.279167
2019-06-02 19:00:00 UTC,18668814.3,9961278.87,8678.843125
2019-06-02 20:00:00 UTC,18621744.67,9735610.09,8692.199167
2019-06-02 21:00:00 UTC,18766452.81,9767481.017,8693.581957
2019-06-02 22:00:00 UTC,19147272.67,9560364.377,8717.679583
2019-06-02 23:00:00 UTC,19827275.9,9748701.786,8744.2325
2019-06-03 00:00:00 UTC,19249542.52,10754329.15,8693.734792
2019-06-03 01:00:00 UTC,18877991.18,10795549.65,8668.1675
2019-06-03 02:00:00 UTC,19291427.19,10413496.37,8686.399167
2019-06-03 03:00:00 UTC,20541851.25,10801954.26,8687.97625
2019-06-03 04:00:00 UTC,21150074.18,10884597.46,8675.725417
2019-06-03 05:00:00 UTC,20448000.79,11030913.05,8642.044375
2019-06-03 06:00:00 UTC,19387995.38,10778517.95,8558.9775
2019-06-03 07:00:00 UTC,17889446.61,10351141.62,8461.640417
2019-06-03 08:00:00 UTC,18466519.86,10166243.68,8494.09913
2019-06-03 09:00:00 UTC,18249145.89,10322970.45,8460.455833
2019-06-03 10:00:00 UTC,18710733.26,10301297.63,8500.77625
2019-06-03 11:00:00 UTC,19345581.36,10654746.32,8511.183333
2019-06-03 12:00:00 UTC,20235201.31,10516137.66,8524.799792
2019-06-03 13:00:00 UTC,19981402.64,10433815.83,8499.271667
2019-06-03 14:00:00 UTC,20210353.06,11237299.64,8451.732708
2019-06-03 15:00:00 UTC,19643856.33,11266263.47,8429.015208
2019-06-03 16:00:00 UTC,21777184.46,10931282.55,8505.189792
2019-06-03 17:00:00 UTC,22805911.39,11718566.05,8489.632083
2019-06-03 18:00:00 UTC,23439984.34,11933451.43,8521.198478
2019-06-03 19:00:00 UTC,23772164.63,11847880.22,8552.777708
2019-06-03 20:00:00 UTC,23735845.02,11955593.88,8547.163542
2019-06-03 21:00:00 UTC,22943045.98,11845646.56,8506.399375
2019-06-03 22:00:00 UTC,22470863.74,12274992.26,8454.55625
2019-06-03 23:00:00 UTC,15257416.46,11628527.99,8250.015417
2019-06-04 00:00:00 UTC,4934344.694,11848336.29,7923.427083
2019-06-04 01:00:00 UTC,5681844.279,12633515.2,7986.465417
2019-06-04 02:00:00 UTC,6352812.198,13233236.81,7983.619583
2019-06-04 03:00:00 UTC,6976559.137,13835090.83,7978.237083
2019-06-04 04:00:00 UTC,5947459.822,14735138,7928.685217
2019-06-04 05:00:00 UTC,6366573.138,14697293.1,7949.814792
2019-06-04 06:00:00 UTC,5757485.77,15086741.31,7884.733542
2019-06-04 07:00:00 UTC,5749129.113,15770096.51,7837.955833
2019-06-04 08:00:00 UTC,6709180.786,14525183.47,7898.395208
2019-06-04 09:00:00 UTC,6700163.532,14193786.07,7924.152708
2019-06-04 10:00:00 UTC,6828783.91,14199331.48,7944.36913
2019-06-04 11:00:00 UTC,6466997.973,14189429.71,7917.77
2019-06-04 12:00:00 UTC,6892203.061,13823589.93,7911.089792
2019-06-04 13:00:00 UTC,7889141.813,13133611.63,7976.572083
2019-06-04 14:00:00 UTC,7476850.148,13114256.85,7974.293542
2019-06-04 15:00:00 UTC,7651381.931,13129297.26,7964.832391
2019-06-04 16:00:00 UTC,7458227.765,13596740.42,7927.292292
2019-06-04 17:00:00 UTC,6002799.038,15107804.21,7781.122083
2019-06-04 18:00:00 UTC,6121640.608,16517511.94,7675.695208
2019-06-04 19:00:00 UTC,5683208.123,16612923.66,7617.975625
2019-06-04 20:00:00 UTC,5909637.573,16944906.62,7635.115417
2019-06-04 21:00:00 UTC,5461608.36,17266252.14,7624.04875
2019-06-04 22:00:00 UTC,5729499.204,17582647.89,7594.05069
2019-06-04 23:00:00 UTC,5807927.264,17149339.71,7645.920333
2019-06-05 00:00:00 UTC,6242110.483,15039030.32,7756.827
2019-06-05 01:00:00 UTC,6499576.463,15017633.25,7761.256087
2019-06-05 02:00:00 UTC,6792578.139,13860979.03,7805.785556
2019-06-05 03:00:00 UTC,7225849.45,13640236.37,7818.851667
2019-06-05 04:00:00 UTC,6932080.601,15357715.91,7779.259167
2019-06-05 05:00:00 UTC,6958342.824,14831862.44,7789.714722
2019-06-05 06:00:00 UTC,6610332.936,15867964.67,7740.985833
2019-06-05 07:00:00 UTC,7078572.501,14320334.07,7781.784167
2019-06-05 08:00:00 UTC,7365566.355,13381913.05,7807.407353
2019-06-05 09:00:00 UTC,7666200.716,14051913.4,7803.091429
2019-06-05 10:00:00 UTC,7230594.999,12729522.77,7818.274722
2019-06-05 11:00:00 UTC,6595354.588,12188182.41,7837.943333
2019-06-05 12:00:00 UTC,6873244.119,14148726.39,7784.166111
2019-06-05 13:00:00 UTC,6958116.231,14934130.76,7774.167778
2019-06-05 14:00:00 UTC,7545301.608,15600926.21,7734.6725
2019-06-05 15:00:00 UTC,7138559.649,17461028.8,7660.422778
2019-06-05 16:00:00 UTC,9374346.611,16153732.13,7726.335556
2019-06-05 17:00:00 UTC,10045224.12,14712234.64,7780.123611
2019-06-05 18:00:00 UTC,10164703.18,14789966.64,7775.682778
2019-06-05 19:00:00 UTC,10167640.89,13671052.43,7810.899722
2019-06-05 20:00:00 UTC,9251007.533,14687595.12,7778.480278
2019-06-05 21:00:00 UTC,8592064.321,16219308.19,7709.240278
2019-06-05 22:00:00 UTC,10344230.93,15516172.54,7756.358611
2019-06-05 23:00:00 UTC,10934905.25,13646470.06,7798.761905
2019-06-06 00:00:00 UTC,10330860.94,14083032.01,7792.285
2019-06-06 01:00:00 UTC,10752008.46,13528529.26,7816.540625
2019-06-06 02:00:00 UTC,10936525.99,13415510.64,7825.780517
2019-06-06 03:00:00 UTC,11137723.49,13361054.25,7844.443833
2019-06-06 04:00:00 UTC,11056433.89,13791321.12,7834.4595
2019-06-06 05:00:00 UTC,10884135.66,14158233.28,7799.595667
2019-06-06 06:00:00 UTC,10875011.58,14526747.08,7802.925667
2019-06-06 07:00:00 UTC,10756932.92,15145407.69,7795.468833
2019-06-06 08:00:00 UTC,10922190.58,15354435.29,7788.447759
2019-06-06 09:00:00 UTC,10867006.61,14590005.57,7805.318333
2019-06-06 10:00:00 UTC,10814724.72,15005331.53,7795.964
2019-06-06 11:00:00 UTC,10957912.18,14494597.05,7826.014833
2019-06-06 12:00:00 UTC,10926778.19,16755184.45,7776.2065
2019-06-06 13:00:00 UTC,10333327.8,17191226.67,7715.983167
2019-06-06 14:00:00 UTC,10022986.13,17493918.26,7692.744667
2019-06-06 15:00:00 UTC,10145309.25,17517603.15,7694.509333
2019-06-06 16:00:00 UTC,10764599.07,17270733.08,7716.213833
2019-06-06 17:00:00 UTC,9716063.506,18098262.86,7680.334167
2019-06-06 18:00:00 UTC,6738652.154,19358465.52,7572.0185
2019-06-06 19:00:00 UTC,7969703.566,20076433.22,7585.941667
2019-06-06 20:00:00 UTC,9616440.742,17668593.92,7672.1295
2019-06-06 21:00:00 UTC,10483265.16,16236064.13,7717.7315
2019-06-06 22:00:00 UTC,10849366.42,16194478.35,7731.998333
2019-06-06 23:00:00 UTC,10980756.17,15752979.61,7759.6485
2019-06-07 00:00:00 UTC,11014203.74,14669567.63,7803.063167
2019-06-07 01:00:00 UTC,11092049.07,15531504.85,7791.626
2019-06-07 02:00:00 UTC,10960966.34,15560449.97,7785.207
2019-06-07 03:00:00 UTC,11460525.41,15597265.92,7799.397167
2019-06-07 04:00:00 UTC,11032818.91,15420183.52,7803.814167
2019-06-07 05:00:00 UTC,10737723.26,15670250.32,7800.769167
2019-06-07 06:00:00 UTC,10857616.87,13749117.87,7907.647167
2019-06-07 07:00:00 UTC,11123233.13,13366508.53,7953.419667
2019-06-07 08:00:00 UTC,11331006.46,12707871.32,7984.501167
2019-06-07 09:00:00 UTC,10707148.52,13029376.2,7973.288077
2019-06-07 10:00:00 UTC,11246799.36,12873034.78,7979.813611
2019-06-07 11:00:00 UTC,10971412.85,13112152.35,7951.051389
2019-06-07 12:00:00 UTC,10967569.72,14457840.56,7934.511389
2019-06-07 13:00:00 UTC,11403986.46,13729275.06,7960.065278
2019-06-07 14:00:00 UTC,12100284.66,13652857.14,7968.115556
2019-06-07 15:00:00 UTC,12083011.52,14454104.55,7943.332778
2019-06-07 16:00:00 UTC,14590954.95,11214549.2,8035.599167
2019-06-07 17:00:00 UTC,16514051.86,9878818.061,8084.424118
2019-06-07 18:00:00 UTC,16548709.58,9413413.816,8100.132778
2019-06-07 19:00:00 UTC,14872110.25,10756679.46,8033.59
2019-06-07 20:00:00 UTC,12331811.2,12524141.97,7980.303889
2019-06-07 21:00:00 UTC,11318581.93,12933657.03,7920.8675
2019-06-07 22:00:00 UTC,11869240.54,12452399.13,7985.486389
2019-06-07 23:00:00 UTC,15058071.94,10886677.67,8032.941389
2019-06-08 00:00:00 UTC,15089036.26,11271992.2,8029.740833
2019-06-08 01:00:00 UTC,14782036.44,11411890.14,8019.582778
2019-06-08 02:00:00 UTC,11763396.04,13292312.49,7971.076667
2019-06-08 03:00:00 UTC,12319412.89,12974075.73,7987.569412
2019-06-08 04:00:00 UTC,12288933.45,13326420.09,7978.046111
2019-06-08 05:00:00 UTC,12828329.08,13197353.72,7992.384444
2019-06-08 06:00:00 UTC,12241890.82,14435061.78,7938.503611
2019-06-08 07:00:00 UTC,12171808.85,14436525.07,7936.718333
2019-06-08 08:00:00 UTC,11960978.15,14018034.91,7956.356944
2019-06-08 09:00:00 UTC,12530775.14,13734431.15,7980.661667
2019-06-08 10:00:00 UTC,13574616,12727559.83,8003.025
2019-06-08 11:00:00 UTC,12547342.16,13397754.57,7988.713333
2019-06-08 12:00:00 UTC,12278603.95,14009295.81,7960.856471
2019-06-08 13:00:00 UTC,13179435.46,14306913.91,7945.101923
2019-06-08 14:00:00 UTC,14044239.67,14092230.89,7950.791667
2019-06-08 15:00:00 UTC,13987907.31,14278222.08,7921.048333
2019-06-08 16:00:00 UTC,14106079.91,14621884.09,7900.71
2019-06-08 17:00:00 UTC,14299848.67,15113741.68,7834.628333
2019-06-08 18:00:00 UTC,14284721.78,15251449.15,7845.51
2019-06-08 19:00:00 UTC,14208143.51,15705708.85,7848.266667
2019-06-08 20:00:00 UTC,14342774.78,15574999.16,7860.975
2019-06-08 21:00:00 UTC,14288333.69,15175981.81,7889.923333
2019-06-08 22:00:00 UTC,14529870.45,14706173.26,7921.531667
2019-06-08 23:00:00 UTC,14833258.89,14312061.01,7948.11
2019-06-09 00:00:00 UTC,14536433.17,14526364.39,7934.945
2019-06-09 01:00:00 UTC,14270564.5,14917361.76,7902.509167
2019-06-09 02:00:00 UTC,14191204.96,15303151.16,7885.576667
2019-06-09 03:00:00 UTC,14298590.96,14626963.79,7882.6025
2019-06-09 04:00:00 UTC,14448608.74,14788797.86,7884.3225
2019-06-09 05:00:00 UTC,14572638.48,14297657.88,7899.361667
2019-06-09 06:00:00 UTC,14438148.84,14535222.7,7885.419167
2019-06-09 07:00:00 UTC,14522653.78,14414322.31,7898.368333
2019-06-09 08:00:00 UTC,14938434.46,14233438.83,7921.433333
2019-06-09 09:00:00 UTC,14524993.38,14423681.58,7909.440833
2019-06-09 10:00:00 UTC,13915342.88,15662668.78,7890.9425
2019-06-09 11:00:00 UTC,14244252.12,15445709.99,7899.203333
2019-06-09 12:00:00 UTC,13472100.11,16829738.79,7809.1825
2019-06-09 13:00:00 UTC,12618142.41,17360701.43,7770.4125
2019-06-09 14:00:00 UTC,12066678.54,18059043.31,7742.355
2019-06-09 15:00:00 UTC,12521668.42,17797717.61,7762.328333
2019-06-09 16:00:00 UTC,7952782.347,18415365.13,7676.115833
2019-06-09 17:00:00 UTC,6632390.431,18245164.58,7660.583333
2019-06-09 18:00:00 UTC,8084389.151,17648766.81,7674.358333
2019-06-09 19:00:00 UTC,11043376.58,16844724.58,7724.103333
2019-06-09 20:00:00 UTC,11703091.67,16840543.71,7727.985
2019-06-09 21:00:00 UTC,9469673.473,17115925.62,7700.481667
2019-06-09 22:00:00 UTC,5975546.326,19061084.76,7577.22
2019-06-09 23:00:00 UTC,6673472.897,17803469.57,7633.497333
2019-06-10 00:00:00 UTC,6228954.207,19228532.9,7586.861667
2019-06-10 01:00:00 UTC,6679630.064,18258494.08,7631.372647
2019-06-10 02:00:00 UTC,6707783.976,18433160.6,7632.800435
2019-06-10 03:00:00 UTC,7123953.388,17471766.62,7667.543125
2019-06-10 04:00:00 UTC,6561557.86,18190332.05,7649.159375
2019-06-10 05:00:00 UTC,6936898.063,18586130.9,7634.220208
2019-06-10 06:00:00 UTC,9381338.522,17288087.13,7696.9775
2019-06-10 07:00:00 UTC,11287062.31,16899440.26,7719.356875
2019-06-10 08:00:00 UTC,12264692.51,16647523.04,7730.967292
2019-06-10 09:00:00 UTC,11358375.53,16769803.63,7720.492083
2019-06-10 10:00:00 UTC,7638955.824,17412534.63,7678.913542
2019-06-10 11:00:00 UTC,11137364.41,14735300.77,7804.43913
2019-06-10 12:00:00 UTC,15051333.57,10979266.55,7991.009583
2019-06-10 13:00:00 UTC,14472914.37,11491649.08,7962.651667
2019-06-10 14:00:00 UTC,14378351.4,11422759.4,7957.05125
2019-06-10 15:00:00 UTC,14243261.75,11854547.27,7931.162414
2019-06-10 16:00:00 UTC,14443461.8,11607318.12,7943.856
2019-06-10 17:00:00 UTC,14978876.3,11951580.84,7935.372
2019-06-10 18:00:00 UTC,15503269.11,11901460.44,7946.094138
2019-06-10 19:00:00 UTC,16339569.18,12171473.59,7970.089667
2019-06-10 20:00:00 UTC,16475203.96,12247152.98,7957.687667
2019-06-10 21:00:00 UTC,16580661.16,12066470.33,7937.921724
2019-06-10 22:00:00 UTC,16778421.26,12038241.79,7960.421
2019-06-10 23:00:00 UTC,17060956.56,12250277.99,7977.682333
2019-06-11 00:00:00 UTC,16902760.01,11620638.5,7996.178333
2019-06-11 01:00:00 UTC,16140943.04,12470858.84,7980.6435
2019-06-11 02:00:00 UTC,15889042.4,13226756.35,7965.984667
2019-06-11 03:00:00 UTC,16010407.63,13133845.27,7959.077333
2019-06-11 04:00:00 UTC,16436672.99,13123465.89,7964.611833
2019-06-11 05:00:00 UTC,16620725.68,13443519.07,7953.077333
2019-06-11 06:00:00 UTC,16611409.26,13727417.89,7938.560862
2019-06-11 07:00:00 UTC,17206732.16,14038839.16,7933.443333
2019-06-11 08:00:00 UTC,17538876.14,13859256.05,7944.4735
2019-06-11 09:00:00 UTC,17709894.67,13624171.98,7950.302931
2019-06-11 10:00:00 UTC,16499440.33,14539052.96,7836.814167
2019-06-11 11:00:00 UTC,15863503.71,15681638.26,7792.548889
2019-06-11 12:00:00 UTC,15548288.12,15873152.75,7787.0075
2019-06-11 13:00:00 UTC,16510494.67,15203315.4,7808.535556
2019-06-11 14:00:00 UTC,16019766.24,15369198.65,7795.239444
2019-06-11 15:00:00 UTC,15794402.74,16026148.71,7785.368611
2019-06-11 16:00:00 UTC,16077114.12,15734804.11,7788.609167
2019-06-11 17:00:00 UTC,17368354.29,13927792.54,7875.055294
2019-06-11 18:00:00 UTC,17208279.76,13876900.84,7887.691667
2019-06-11 19:00:00 UTC,17246435.62,14249766.71,7883.888889
2019-06-11 20:00:00 UTC,16435840.44,14254102.55,7919.138889
2019-06-11 21:00:00 UTC,16758618.42,14098432.31,7926.713611
2019-06-11 22:00:00 UTC,16636953.33,14250654.68,7918.803611
2019-06-11 23:00:00 UTC,16858336.02,14442635.72,7923.925556
2019-06-12 00:00:00 UTC,16081650.62,15238626.19,7881.108056
2019-06-12 01:00:00 UTC,15947444.03,15404965.01,7857.372222
2019-06-12 02:00:00 UTC,16950343.59,14778902.14,7914.230556
2019-06-12 03:00:00 UTC,17215107.2,13307200.3,8008.547059
2019-06-12 04:00:00 UTC,16232150.65,13927322.43,7989.538056
2019-06-12 05:00:00 UTC,15990169.34,14654769.69,7971.794722
2019-06-12 06:00:00 UTC,15657163.64,14793294.48,7965.106111
2019-06-12 07:00:00 UTC,16420909.78,15400022.73,7978.716111
2019-06-12 08:00:00 UTC,16529135.2,15488255.65,7978.064118
2019-06-12 09:00:00 UTC,16069733.54,16162155.11,7944.443611
2019-06-12 10:00:00 UTC,16774397.91,15092326.48,7998.585833
2019-06-12 11:00:00 UTC,16949316.24,14446936.26,7999.948333
2019-06-12 12:00:00 UTC,18402861.64,13581270.77,8017.043043
2019-06-12 13:00:00 UTC,18041953.33,14025268.37,8007.006875
2019-06-12 14:00:00 UTC,18259164.4,13683162.78,8002.328958
2019-06-12 15:00:00 UTC,23226368,10700291.59,8162.130833
2019-06-12 16:00:00 UTC,24583517.36,10355738.04,8187.920417
2019-06-12 17:00:00 UTC,21245382.47,10991959.36,8154.462083
2019-06-12 18:00:00 UTC,20762608.69,11750423.26,8156.691458
2019-06-12 19:00:00 UTC,21057756.6,12106865.8,8162.959792
2019-06-12 20:00:00 UTC,21103578.72,11687393.38,8132.461667
2019-06-12 21:00:00 UTC,21015716.15,11820230.65,8144.381875
2019-06-12 22:00:00 UTC,21245998.8,12498669.44,8144.308478
2019-06-12 23:00:00 UTC,20999997.01,12497371.68,8145.523958
2019-06-13 00:00:00 UTC,21253802.03,12117641.21,8167.31
2019-06-13 01:00:00 UTC,20460873.37,12215250.5,8153.2625
2019-06-13 02:00:00 UTC,20669256.28,11944547.14,8123.3075
2019-06-13 03:00:00 UTC,20686717.98,12226567.57,8116.142083
2019-06-13 04:00:00 UTC,20900045.33,12566734.38,8125.265208
2019-06-13 05:00:00 UTC,20737456.93,12517352.3,8126.156458
2019-06-13 06:00:00 UTC,20655015.83,12920022.14,8117.404167
2019-06-13 07:00:00 UTC,20925963.31,12597645.83,8132.120833
2019-06-13 08:00:00 UTC,21205847.29,12805667.07,8129.38375
2019-06-13 09:00:00 UTC,21134071.51,12965967.79,8111.780417
2019-06-13 10:00:00 UTC,20908495.18,13434664,8099.259167
2019-06-13 11:00:00 UTC,21139935.95,12911192.2,8117.786667
2019-06-13 12:00:00 UTC,20852027.28,12989981.68,8114.765417
2019-06-13 13:00:00 UTC,22297368.16,12657857.93,8156.601667
2019-06-13 14:00:00 UTC,21820378.2,12644412.55,8160.819167
2019-06-13 15:00:00 UTC,27525874.85,12107859.97,8197.349583
2019-06-13 16:00:00 UTC,24600090.65,12710924.44,8180.65375
2019-06-13 17:00:00 UTC,26414960.55,12875664.67,8186.029583
2019-06-13 18:00:00 UTC,28238265.78,12131492.4,8232.655833
2019-06-13 19:00:00 UTC,28820918.44,11984776.25,8253.288333
2019-06-13 20:00:00 UTC,29111946.44,11921314.51,8252.992188
2019-06-13 21:00:00 UTC,28686280.86,11344217.68,8299.439444
2019-06-13 22:00:00 UTC,27163766.46,11525974.1,8290.516111
2019-06-13 23:00:00 UTC,25280147.97,11954229.91,8250.022857
2019-06-14 00:00:00 UTC,24967279.2,12192045.38,8242.426667
2019-06-14 01:00:00 UTC,24538954.48,13206070.99,8212.239167
2019-06-14 02:00:00 UTC,24482793.44,13471411.2,8202.335
2019-06-14 03:00:00 UTC,24559650.27,13283494.43,8210.245833
2019-06-14 04:00:00 UTC,24998050.55,13372401.3,8211.340833
2019-06-14 05:00:00 UTC,25301975.77,12696361.21,8245
2019-06-14 06:00:00 UTC,25038610.07,13063232.63,8219.228333
2019-06-14 07:00:00 UTC,25620578.36,12585495.66,8241.3025
2019-06-14 08:00:00 UTC,25970193.35,12187404.62,8285.479167
2019-06-14 09:00:00 UTC,26284107.36,12315922.1,8281.176667
2019-06-14 10:00:00 UTC,26240931.78,11896982.36,8298.921667
2019-06-14 11:00:00 UTC,26484946.55,12182781.17,8290.540833
2019-06-14 12:00:00 UTC,26865456.82,11413651.82,8323.111667
2019-06-14 13:00:00 UTC,26952755.62,10919572.82,8388.5325
2019-06-14 14:00:00 UTC,26705162.51,11390307.13,8399.795
2019-06-14 15:00:00 UTC,24949175,11043419.66,8425.644167
2019-06-14 16:00:00 UTC,23604371.25,11900947.48,8401.733333
2019-06-14 17:00:00 UTC,23950583.77,11955457.93,8386.974167
2019-06-14 18:00:00 UTC,24043114.38,11848007.69,8407.684167
2019-06-14 19:00:00 UTC,23679997.07,12047250.33,8420.785833
2019-06-14 20:00:00 UTC,23856439.76,11794466.24,8441.958333
2019-06-14 21:00:00 UTC,22068542.22,10406613.99,8601.719167
2019-06-14 22:00:00 UTC,22653600.38,9868332.965,8658.175833
2019-06-14 23:00:00 UTC,23373870.59,9736592.398,8687.725833
2019-06-15 00:00:00 UTC,24044729.68,10913754.26,8665.73
2019-06-15 01:00:00 UTC,23209294.62,12374625.24,8641.523333
2019-06-15 02:00:00 UTC,24258934.56,12098331.82,8668.4925
2019-06-15 03:00:00 UTC,24027274.73,12743126.84,8648.930833
2019-06-15 04:00:00 UTC,23760824.67,12067661.75,8655.003333
2019-06-15 05:00:00 UTC,23996542.63,10923261.19,8684.605
2019-06-15 06:00:00 UTC,23938041.95,10511574.92,8705.211667
2019-06-15 07:00:00 UTC,24411296.93,11071027.15,8688.7075
2019-06-15 08:00:00 UTC,24714888.02,11297465.15,8695.841667
2019-06-15 09:00:00 UTC,24821134.37,11316654.76,8680.735
2019-06-15 10:00:00 UTC,24685734.41,11659857.17,8671.650833
2019-06-15 11:00:00 UTC,24093343.37,11513906.75,8665.921667
2019-06-15 12:00:00 UTC,24508896.91,12436458.26,8649.823333
2019-06-15 13:00:00 UTC,24167896.34,12605156.49,8647.873333
2019-06-15 14:00:00 UTC,25279840.8,11879025.97,8685.6825
2019-06-15 15:00:00 UTC,23114800.34,11867327.36,8757.446667
2019-06-15 16:00:00 UTC,22442090.53,12251761.24,8823.951389
2019-06-15 17:00:00 UTC,22270288.94,12727493.17,8825.4325
2019-06-15 18:00:00 UTC,22158635.3,12751687.98,8828.865556
2019-06-15 19:00:00 UTC,22253023.2,12996102.71,8847.225556
2019-06-15 20:00:00 UTC,22754539.37,12723007.34,8809.748889
2019-06-15 21:00:00 UTC,23360278.49,11904329.77,8799.206667
2019-06-15 22:00:00 UTC,25687129.96,12795334.16,8832.369412
2019-06-15 23:00:00 UTC,26320795.94,13575626.89,8849.59375
2019-06-16 00:00:00 UTC,26768231.4,13601350.49,8828.1375
2019-06-16 01:00:00 UTC,26365735.53,12319684.2,8923.859444
2019-06-16 02:00:00 UTC,22465976.02,10967209.02,8988.138889
2019-06-16 03:00:00 UTC,22461411.28,11904087.01,8984.328611
2019-06-16 04:00:00 UTC,22176493.36,12304807.74,9022.478333
2019-06-16 05:00:00 UTC,23441097.95,10563833.73,9210.326667
2019-06-16 06:00:00 UTC,23432789.95,10804752.24,9285.671389
2019-06-16 07:00:00 UTC,23349855.62,11346738.95,9293.697647
2019-06-16 08:00:00 UTC,22874308.62,11135658.52,9278.064524
2019-06-16 09:00:00 UTC,18843642.25,11865614.92,9065.946176
2019-06-16 10:00:00 UTC,20286240.72,13332226.58,9098.413056
2019-06-16 11:00:00 UTC,20455531.99,13919759.76,9092.416944
2019-06-16 12:00:00 UTC,19917081.8,14069013.88,9088.989444
2019-06-16 13:00:00 UTC,21793717.4,13827211.56,9136.116944
2019-06-16 14:00:00 UTC,23026948.2,12950204.84,9268.037619
2019-06-16 15:00:00 UTC,23083553.82,13867016.69,9221.456875
2019-06-16 16:00:00 UTC,22765531.75,13099091.19,9197.049375
2019-06-16 17:00:00 UTC,19098200.18,12839514.17,9098.660208
2019-06-16 18:00:00 UTC,17979876.41,13378104.53,9069.19
2019-06-16 19:00:00 UTC,15340087.83,14100423.16,8988.532167
2019-06-16 20:00:00 UTC,14191733.53,14479615.1,8901.979483
2019-06-16 21:00:00 UTC,16091728.31,13616826.62,8987.1765
2019-06-16 22:00:00 UTC,17517666.81,14049691.21,9036.032
2019-06-16 23:00:00 UTC,17694266.6,15008401.92,9041.811833
2019-06-17 00:00:00 UTC,21459356.33,14840930.17,9112.271667
2019-06-17 01:00:00 UTC,24194124.69,15530133.64,9157.060323
2019-06-17 02:00:00 UTC,24148362.79,15827587.45,9139.9075
2019-06-17 03:00:00 UTC,24051680.24,16559047.47,9119.178919
2019-06-17 04:00:00 UTC,25206806.24,16005372.97,9200.56119
2019-06-17 05:00:00 UTC,25213295,16718696.88,9188.915476
2019-06-17 06:00:00 UTC,25490036.71,17054841.93,9160.065543
2019-06-17 07:00:00 UTC,26317826.46,17420991.25,9161.635625
2019-06-17 08:00:00 UTC,27672853.91,16872600.67,9196.50375
2019-06-17 09:00:00 UTC,27770341.6,16845931.33,9180.30875
2019-06-17 10:00:00 UTC,28049400.63,17024225.52,9204.576563
2019-06-17 11:00:00 UTC,27901134.56,16499237.28,9296.595417
2019-06-17 12:00:00 UTC,27818830.09,15507915.84,9295.942708
2019-06-17 13:00:00 UTC,28371063.91,14275396.42,9285.758854
2019-06-17 14:00:00 UTC,28130739.67,13791921.21,9328.676563
2019-06-17 15:00:00 UTC,27142105.01,13921271.88,9259.585521
2019-06-17 16:00:00 UTC,27364716.23,14918556.47,9204.451979
2019-06-17 17:00:00 UTC,28297448.32,15040840.16,9248.49117
2019-06-17 18:00:00 UTC,28586045.68,15369994.21,9272.214063
2019-06-17 19:00:00 UTC,28555618.13,14758328.02,9315.211667
2019-06-17 20:00:00 UTC,29312548.66,14814729.02,9301.814688
2019-06-17 21:00:00 UTC,28276582.88,14774585.49,9258.471042
2019-06-17 22:00:00 UTC,28656576.47,14485558.8,9331.370417
2019-06-17 23:00:00 UTC,27869048.18,14456343.17,9358.879688
2019-06-18 00:00:00 UTC,28409308.8,14845998.29,9309.391771
2019-06-18 01:00:00 UTC,29844149.63,14915704.96,9295.784167
2019-06-18 02:00:00 UTC,31712763.1,15255069.98,9275.883511
